这里开不了了已经？,2
医生孩子9个月，37.5体温是发烧吗,2
那要滴什么眼药水？托百士滴眼液？,2
那还需要用其他什么药吗？,2
那现在还有什么新冠药吗,2
才14天这么少吗,2
还需要去复查吗？,2
下一次复查建议什么时候？,2
家里的降血压的药还吃吗？,2
这次开中药里面有还会有降血压的药？,2
可以用我的吗,2
贵医院有皮下埋植避孕针吗？,2
是复星吗,2
那淋巴结呢,2
那要开点药吃吗,2
需要注意什么，吃那方面有那些要注意的吗,2
请问，我这次是打第三针四价，可以约到什么时候打呢,2
如果例假是正常来的话就不考虑是怀孕是吗,2
这是什么原因呢,2
是体质差吗,2
可以先吃这个退热吗,2
冯伟清医生上班吗？,2
请问禅医有点痣吗,2
如何能买到？,2
如何能买到？,2
如何能买到？,2
先诺欣也没有吗,2
你好 请问有民得维吗,2
有先诺欣或者民得维卖吗,2
有先诺欣或者民得维卖吗,2
我能看看吗,2
它是自己结算，不用我自己支付？,2
嗯，我想问问，我想开一张验血脂血糖的检验单可以吗？,2
我要发二维码给您吗,2
医生是下午2点半上班吗,2
查不到的吗？,2
当归益血口服液不是补血的吗,2
吃点什么药呢？？,2
红花丸就是逍遥丸吗,2
什么牌子的红花丸？？,2
或者有没有其他医生介绍？,2
医院地址是在石湾医院那里吗？,2
能否把下午的那个价格给我呢,2
就是这个1mg的这个 能吃吗,2
你就告诉我 80岁了 有心脏病能吃吗,2
这个尿常规有什么异常吗,2
乏力，严重脚扭伤会造成红细胞异常吗,2
这个时间段能照吗,2
是这个吗,2
高端预防保健科？,2
能开方子不抓药嘛？,2
能辩证开中药方吗,2
国医馆这里支付诊金就可以开方嘛？,2
医生您好，孕早期牙疼的厉害，智齿发炎，可以挂牙科做治疗吗,2
还有其他要改的药吗,2
饮食指导呢？,2
护理怎么护理呢,2
可以帮忙解决吗？,2
3种都没货是吗,2
这个泌尿科在哪个楼？,2
是旧医是吗？,2
另外目前是否有货？,2
你好，我下午带母亲过去维护输液港，请问什么时间去方便？,2
好的，是要怎么调整用药？需要用激素吗,2
4岁女童乳房增大挂什么科？,2
我知道挂儿科，但要挂那个专科？,2
是你那方没有收到货吗？,2
有更明细的诊断结果么？,2
可以，但这个我在哪里能自己查到？,2
你好，怀疑小朋友生虫可否挂城南儿保科？,2
那你们宣传费不是说阔以让我过来做那个生物科技的么？,2
医生，请问睡眠不太好，面色黄是什么问题呢？,2
宝宝36周?，绕颈三周，需要住院观察吗,2
如果足月到37周，可以剖腹产？,2
4个月婴儿咳嗽有痰，雾化药水可以外发吗,2
4个月可以常喝温水吗？,2
复必泰新冠疫苗要到香港打吗,2
多久可以有货？,2
假如一次是化疗三天，是每天都要用利妥昔单抗吗？,2
他这个药是化疗，每天都要用吗,2
你好在吗,2
会帮我打印病历吗,2
确认怀孕了吗？,2
孕酮低吗,2
请问有环孢素软胶囊吗,2
昨天开了药回来孩子晚上发高烧，只能吃退烧药吗,2
有其他方面考虑吗？,2
请问哪个科比较好？需要挂专家号吗？,2
这种不是真菌感染吧？,2
线上有药吗,2
晚十天可以吗？,2
要打止血针和吃妈富隆吗？,2
社区医院开的可以吗？,2
您这开不了？,2
可以喝吗,2
我可以等一个星期之后复诊吗,2
她这个是肺炎吗,2
需要打吊针吗,2
是要多喝水吗,2
现在是确定不了是肺炎吗,2
复必泰产生的抗体能维持多久？,2
那怎么买呢,2
我想问下母子康vip是费用多少？,2
会越来越多吗会传染吗,2
大概多久会消呢,2
一天一次吗,2
请问是涂这个吗,2
他脸上那些疹子会痒的吗,2
皮肤感染是怎么导致的？,2
细菌造成的感染是吗,2
我想问下湿疹是不是会一直反复出的？,2
那湿疹也可以涂百多邦吗,2
怎么区分哪些是湿疹哪些是脓苞疹？,2
阿兹夫定片能治普通型新冠肺炎吗,2
可以了吗,2
12点过去还能看吗,2
就在这里挂妇科对吗,2
请问这是什么东西？,2
线上有皮肤科看吗？,2
你们一天有经颅磁吗,2
我截图给您可以吗,2
我的图文是要自己截图吗？,2
也正常吗,2
这样可以吗？,2
是1号楼哪里么？,2
急诊怎么挂？,2
请问鹅口疮会传染吗？,2
能帮我查询下昨天的心脏彩超结果吗？,2
心脏彩超有吗？,2
在哪里查询？,2
买药给发票吗,2
户口本在老家，没有不可以打吗,2
上次开的药吃完了，可以继续在这里开吗？,2
是直接邮寄吗？还需要我操作什么吗,2
包皮内的皮肤可以打激光吗？你之前不是说龟头那里的没有事吗？,2
激光治疗要多少钱呢,2
这种便正常吗？,2
是问可以混合一起吃吗,2
请问这3款药可以混合一起开吗,2
你好 6岁 儿童 经常流鼻血 应该挂什么科？,2
有打水光针吗,2
用微信语音可以吗,2
可以开14天吗,2
是否感染了？,2
即没有感染支原体是吧？,2
这周周六补班，那周日会补周六那半天吗,2
平时周六不是有安排半天吗,2
这个改怎么办？,2
帮忙开点吧，顺便能给孩子开一些抗感冒的吗？,2
陈大夫，儿童预防感冒发烧的药，可以开些吗？,2
没有今天的号吗,2
能看到。请问孩子15kg，每天吃多大剂量？,2
七星茶退热吗,2
阿兹匹定有吗,2
就诊卡是之前那张绿色的卡吗,2
在哪座楼？,2
像小柴胡和四联可以间隔半小时共同使用吗,2
半夜如果发烧了，直接上美林退烧吗,2
您能开来瑞特韦片吗,2
好的，你下周什么时候排班呢？,2
你们那里有啥好的建议？,2
他可以看我这个病吗,2
你好，请问入职体检是只能工作日才能做吗,2
那我只有尿常规这一项没有做了，可不可以挂别的科室做呢,2
能改做B超的时间吗,2
那在线咨询服务咋咨询？,2
下午没有吗,2
不是产后康复科吗,2
找不到呢？,2
这个可以看发热吗？,2
这个可以吗,2
到镇上那种卫生院看行不行的？,2
好的，谢谢呢,2
这种情况严重吗？,2
那我应该吃什么药好呢,2
你们医院HPV?tct有优惠吗,2
胱抑素c偏低呢,2
那现在是要怎么办呢,2
确诊早孕挂哪个呢,2
劳动节有放假吗,2
3号，下午能加号吗？,2
只能面诊一次，二选一，是吗？,2
在哪里看开好的药呢,2
这个胃肠镜一天能做完吗,2
一般我看胃肠镜有息肉什么的可以当天做了 这个可以吗,2
就是我先给这个钱 到时退？,2
请问这个理赔完成了吗,2
请问你们有这几个药吗,2
我想问一下你们医院儿童康复的为什么老是不给我们排号做康复？,2
可不可以线上开卡？,2
没有卡，怎么添加？,2
你好，孩子香港户口的要填什么证件？,2
那如果在网上开药，也必须先到医院开卡是吧？,2
可以网上直接办新卡吗？,2
在哪里添加？,2
他不上班能开吗,2
能加号吗,2
那你直接帮我开检查单不行吗,2
有人上班吗,2
请问就诊卡能补办吗,2
上班如果坐坐站站可以吗,2
需要用什么药吗？,2
垫软垫上班可以吗,2
小朋友手上起了个泡，不知什么原因，需要怎么处理吗？,2
大概要多久？,2
前段时间我没有及时看到的问答，现在可以再接收的发的知识吗？,2
过了谷雨即是初夏，春天最后一个养生节气，应该怎么做？,2
好的，到了后是去导诊台吗？,2
不能开吗？,2
你好！上班了吗？,2
上次不是说直接开好了就可以顺丰的吗,2
不是你这边可以直接开吗？,2
莲花清温和三九感冒灵可以同时用吗,2
吃之前不能吃饭是吗,2
请问吃什么药好呢,2
上面那款合适吗？,2
我吃阿莫西林或者头孢能降下来吗？,2
我这个指标考虑缺铁性贫血吗,2
我想问一下去铁酮片是一定要医生开吗？,2
不可以吗？,2
你好，我想明天给孩子拍个片，骨科关节，可以帮忙开单吗,2
你下班了未？,2
请问特药卡已经激活两张，一张自己用，一张孩子用。如何区别？,2
子宫内膜 没打过胎什么的也要查吗,2
需要买点什么药吃吗 有什么大问题吗,2
需要吃多久的药物呢？,2
之后复查精液分析和顶体酶吗,2
如果正常后 自然受孕几率大吗,2
还是主要是饮食作息？,2
有个酸碱度下降正常吗,2
挂什么科室？,2
17岁男孩可以做吗？,2
3号可以做吗？,2
2号可否可以做？,2
你好！请问有没有24小时动态心电图和心脏彩超，可以做？,2
你好！我找不到心内科的？,2
这种胃病严重吗,2
或者能不能线上看？,2
怎么没帮我开处方单？,2
你好，为什么我的疫苗接种记录二维码扫不出来呢？,2
结膜炎的话，现在的用药对证吗？,2
需要处理吗？,2
有没有可能是包皮嵌顿啊医生？,2
我30号凌晨入院的，从今天开始算吗？,2
可以9折吗？,2
饮食有哪些要注意的吗,2
昨天看咳嗽的药是继续吃吗,2
儿童 经常流鼻血 应该挂什么科？,2
对了 还想问问 逐渐减少是一次减多少呢,2
我约了周六您的号，你看看这两天需不需要先怎么处理一下？,2
耳科有开吗,2
类似耳朵进水的可以吗,2
舒医生你好！银丹心脑通软胶囊外面怎么买不到啊？,2
我怎么老是拉肚子啊？,2
一次吃几颗？一天几次？,2
好的，5mg就是5片哈？,2
好的，是空腹服用吗？,2
可以开好我下班过去拿药吗,2
请问九价下一次有号是什么时候？,2
这个药还能继续吃吗,2
可以涂炉甘石吗,2
你好，我可以在你这边直接约头颅CT吗？,2
价格多少？,2
你好，可以直接开个吸鼻子吗,2
这个莫医生可以做拆线吗,2
可以帮忙开个药吗,2
知道大概哪天有货吗,2
怎么知道有货？,2
那这是那当面的神经呢,2
神经科吗,2
你们那边有药可以配吗？,2
回家饮食需要注意什么？,2
有点痣吗,2
这个问题大吗？,2
吃糖那种，算吗,2
你好，请问下我这个是挂皮肤科吗,2
螺旋杆菌阳性，尿液细菌过高用什么药？,2
什么意思？,2
不是有美容中心吗,2
接诊了吗,2
需否补充消化酶？,2
我可以返回去付款了吧？,2
这个是正常还是不正常？,2
整肠生还要不要吃呢？,2
然后吃盐酸小柴碱片是吗,2
这个补液盐散，就先按说明书吃一包是吗？,2
吃这个可以吗？,2
现在就买那个整肠生吗,2
能不能和小朋友同一个房间休息呢,2
能不能一起吃饭呢,2
这个可以防止传染吗,2
家里有补液盐粉，要喝吗,2
我以前没有试过拉肚子，所以没吃过这个药，现在怎么处理呢,2
吃饭需要隔开吗？,2
这个是不是会传染呢？厕所用一般洁厕灵清洁可以吗？,2
怎么用药呢,2
你好 这个能退钱吗,2
能退款的吗,2
吃的方面有什么禁忌吗,2
可以喝椰子水吗,2
抽血是检查性激素6项，甲功，AMH这几项吗,2
就是要月经来之前一个星期吗,2
抽血是查激素水平吗,2
我距离月经还有差不多10，可以查激素水平吗,2
医生，我这样是卵巢絮乱才这样吗,2
备孕期间有没有什么要注意的呢,2
在吗在吗,2
芪参益气滴丸要暂时停吗？,2
成功了吗,2
请看一下可以吗,2
蓝色叉叉可以吗,2
下午可以做吗,2
那胃镜可以吗,2
就是其他的科都可以是吗,2
嗯嗯，可以看到吗,2
子宫肌瘤可以看吗,2
鸡肉不能吃？,2
可以帮忙看看吗,2
不好意思李医生是第二个吗,2
贵院能打吗,2
贵院能打乙肝免疫球蛋白吗,2
这是什么意思呢,2
我们过去比较远，可以寄快递过来我们自己贴吗,2
嗯嗯，这个会是结膜炎吗？,2
这个还有其他药替的吗？,2
你能看得到我上面的聊天记录吗？,2
你好，还想问一下，女性的孕检是不是例假结束后才能去的？,2
外籍人员，在你们医院怎么样想能预约挂号？,2
这个是专门的小儿外科吗,2
什么价格？,2
请问一下吃多久可以复查一下是否正常？,2
那么小穿刺看的出来吗,2
请问如果尿酸正常的话是否可以每天吃半片？,2
方大夫，复星有这个药吗？,2
好像是腱鞘炎，用点什么药呢？,2
中医推拿吗？,2
没有号了怎么去看？,2
这些四块十几块的也有吗,2
下午是两点吗,2
咳嗽挂这种可以吗,2
您有电话号码吗,2
不是广州药科第三符属医院吗,2
我十一号去检查一下可以吗,2
PH值，未分类结晶，还有细菌高！啥毛病，吃点啥药？,2
达格列净可以吗,2
阿卡加二甲双胍吗,2
血糖您建议吃什么药好呢,2
计量是5毫克还是…？,2
阿卡波糖加达格列净可以吗,2
你好今天中午?九价抢吗,2
不知道可以取消吗？,2
就是细菌感染和病毒感染都有是吗？,2
要哪一种头孢？,2
需要准备什么证件？,2
你好，今天有小儿推拿嚒？,2
请问喉咙痛，舌头痛用什么药？,2
鸡，鱼可以吗？有一点点酱油不怕吧？,2
请问痔疮术后4天，可以吃点清淡点的面包和纯牛奶吗？,2
没领 有不怎么排队的vip通道吗,2
目前有喝退烧药，需不需要去医院扎手指呢,2
真无办法了吗？,2
怀孕建档可以不当天建档吗,2
我女儿刚才说咽干，能吃生姜红枣煮水喝吗？,2
可以今天就做吗,2
好的?做胃镜之前有什么要注意的吗,2
胃镜下午可以做吗,2
多大才应该看消化科呢,2
有哪些药呢,2
可以先推介我买些药吃点先吗？,2
最近两天感觉尿道里面痒痒的，请问是否尿道感染了？,2
那要买些什么药呢？,2
我的诉求，蒙脱石散是否需要继续吃，或者这个药可以吃多久？,2
一般上呼吸道感染或者急性肠胃炎多久可以治愈呀？,2
饮食需要注意吗？只能馒头和粥？,2
咸菜可以吃吗,2
周末上班吗,2
那是什么原因引起的？,2
这个危害大不大？,2
我想知道胸膜炎严不严重？会有什么问题吗？,2
胸膜炎是什么问题？,2
是什么引起的？,2
会不会是熬夜引起的？,2
我意思是这个胸膜炎是很严重的问题嘛？,2
宝宝快三个月 我也有点感冒一样可以喂母乳吗,2
那就是说到时候到体检科跟护士说话就行了对吗？,2
周末也可以吗？,2
额，那个时间啥的是什么时候？,2
请问，想挂的医生没号了，可以加号吗,2
今天的可以吗,2
可以加吗,2
就是说这个淋巴结是良性的对吗？ 需要处理吗？,2
但是这个淋巴如果是一起处理， 是不是开刀的口子会大一倍？,2
医生，孩子最近着凉感冒了，中药还能继续吃吗,2
小肚子有时候会胀，感觉有气体，是怎样回事？,2
和子宫肌瘤有关吗？,2
请问头晕挂哪个科？,2
那两个可以去黑头痘痘吗,2
对?请问今天到带吗,2
医生您好！我不小心打碎了药，请问能重开一瓶有快递送过来的吗,2
请问奥利他韦还可以开吗？,2
我就想问一下我的卡激活了吗？,2
那里能看到卡激活了没有？,2
如果持续发热咳嗽的话需要去医院排除肺炎吗？,2
吃药后观察多久呢？,2
想问一下，胆木沁膏胶囊是需要就诊让医生开处方才能拿药吗,2
那还有别的抗病毒的药没？,2
下午好～请问这个红色的是什么意思呢？,2
打了新冠疫苗有关？,2
你好，还在吗？,2
请问网上商城从哪个界面点进去？,2
想问一下，只测这几项行不行？,2
有价格吗？,2
你们的地点在哪里？,2
依您经验，看着像早期还是中晚？,2
我这颈椎严重吗,2
对了，我现在手脚发麻是颈椎问题引起的吗,2
怕水，游泳不行，跳舞可以吗,2
乳腺B超也是在白玉兰大楼吗,2
一般都是男性看男性的，对吗？,2
她现在11个月，去挂急诊拿药吗,2
是怎么回事呢,2
听说复星有新冠药是吗,2
需要提供卡号给你吗？,2
先诺欣有吗,2
目前有什么药啊？,2
现在还要做吗？,2
如果是尖锐湿疣的话可以做掉吗,2
这个属妇科疾病吗？,2
我这个严重吗,2
做手术后也不需住院对吗？,2
是石湾那边吗,2
那他现在睡了，应该醒了再带去看医生还是直接抱去看好？,2
那要接种两针后？,2
可以直接接种Mrna吗,2
可以给我开约吗,2
是正常的毛囊组织嘛？,2
请问三高老人家可以打吗？,2
你们还有什么交代的吗,2
没问题吗,2
那问诊费能退吗,2
5号可以做吗,2
4号早上直接去二楼那个内镜中心吗,2
一天益生菌吃一到两次吗,2
可以煮苹果水喝吗,2
这个是什么原因呢,2
现在没有了吗？,2
这个权益我在哪查？,2
现在连吃了6天，我才记得，会有问题吗？,2
新冠还流鼻血吗,2
那我目前最好就在家隔离吗，最好吃那种药呢,2
那这种严重吗,2
要先定点医院才能建档吗,2
有什么办法或用药可以预防或缓解病症吗？,2
患者和家属要怎么护理呢？,2
会越来越严重吗？,2
会否遗传吗？,2
是这样吗,2
病情：刘医生，我是宛昕妈妈，你看能操作吗,2
我想问一下我们用汉利康30以后怎么理赔的事？,2
心血管内科可以吗,2
我还要进行什么操作吗？,2
总有个大概价格吧？,2
28岁了牙齿矫正还来得及吗？费用多少？有没有后遗症？,2
可以咨询一下病情吗,2
可以发语音吗,2
入口关闭，是不能申请实体卡吗,2
请问九个月的宝宝这样的奶量和辅食量是正常的吗？,2
你好，在吗？,2
今天你们外科有开吗？,2
不能先提前验血？,2
你好，小朋友咳嗽，可以先提前开验血单吗？,2
我想问问价格可以问到吗,2
好的，不过你们5点半下班来得及吗？,2
眼睛的吗？,2
你考虑是什么炎症？眼睛结膜炎，角膜炎？,2
眼睛眼角发红，流眼泪这是什么原因造成呢？,2
对，三种药齐吗？,2
这个可以退吗,2
我这种情况严重吗,2
到时候在一楼药房拿药吗，明天可以过去了吗,2
我看我宝宝有枕秃的现象，那是什么原因呢,2
那怎么办？,2
5天的中药吃完了要继续吃吗？,2
同样的药是吗？,2
我可以在线上开，自取吗？,2
可以中药颗粒吗？,2
请问我可以同时喝补气血的口服液吗？,2
请问饮食有什么要注意的？,2
无痛太繁琐，全麻还需要陪诊，是否能约普通胃镜？,2
这样就可以了？,2
新生儿去白玉兰二楼复查那个什么眼睛的挂什么号？,2
会反复吗？可以根治的吗,2
挂什么科的号呢？,2
这个是什么问题的吗？也是属于阴道炎吗？,2
这个严不严重？,2
身上的红疙瘩会自动消失吗,2
请问成年人发热是看急诊科吗,2
成分功效一样的？,2
需要发诊疗卡二维码吗,2
您星期天有开诊吗？,2
谷维素加刺五加？,2
今年可以刷余额了吗,2
去了就可以洗是吗？,2
人流后7天了，可以吃优思悦吗？,2
是这样吗？,2
那我查血液怎么查呢,2
到时候怎么说呢,2
内科哪个呢,2
就挂妇科可以吧？,2
前列腺炎严重吗,2
在哪儿补？,2
拔牙二档社保可以报吗？,2
深圳市宝安区恒生医院可以吗,2
是直接更换吗？,2
那个药物不如头孢好用，对吧？,2
什么头孢呢？,2
需要换抗生素吗,2
今天还能约吗,2
你好在吗,2
在这上面可以挂精神内科的号么？,2
这个病严重么？,2
能治好么？,2
必须患者本人去吗,2
要疾病证明吗,2
你好，是发病理给你吗,2
有体重管理科吗,2
哦哦，身高156cm，体重51㎏可以去中医科调理吗,2
中医调理体重是怎么调呢？,2
喝中药吗？,2
我用我的名字给小孩挂号，可以吧？,2
目前良好，是否出院一周后找医生复查？,2
你们医院hpv和tct有福利价吗,2
你是个2吗,2
我拉那么多次，能不能吃点什么药？,2
买哪个牌子益生菌？,2
餐后吃吗,2
没说要收费？,2
不是有面诊吗,2
说让我看外科？,2
医生请问有可能是包皮嵌顿吗,2
那我怎么给他处理呢,2
像这种没有什么药可以慢慢消吗？,2
请问我表述清楚了吗,2
所以结论是喝水+观察对吗,2
大概有可能出现什么异常呢,2
像他这种2倍的剂量，通常危害大吗,2
之前没开的吗,2
舒医生，我怎么吃了东西就发胀呀？,2
偏头痛吃什么药？,2
你看不到她的病历吗？,2
我找不到他，能帮忙转给他吗,2
怎样申请肿瘤免费筛查呢,2
那肺部CT是免费？,2
乳腺这个可以免费对？,2
不是包含在里面？,2
那要怎么样的途径才能买得到呢？,2
嗯 不用考虑阑尾炎哈？ 还是考虑上呼吸道炎症哈？,2
孩子状态不好 我去拍片说是肺炎 需要点滴。这边可以安排吗,2
可以发个链接给我吗,2
可以了吗,2
需要吃点什么药吗,2
是因为熬夜累到了吗，自然流产了需要注意什么吗,2
在吗？请问我这是生化吗,2
我挂了这个怎么知道什么时候我该去呢,2
怎么叫号呢,2
下午还有吗,2
我直接挂急诊是吗？,2
中午是12点下班吗？,2
儿科的呼吸科是吗？,2
那可以不需要吃吗,2
那就是我吃到3个月就可以是吗,2
那就在吃一个月？,2
最好是吃是吗,2
那个叶酸上次开了一盒  今天吃完了  还要在吃吗,2
结膜炎是什么？,2
泡点金银花菊花可以吗？,2
为什么喝了药后一直咳不停呢？,2
是因为冷到喉咙吗？,2
清热止咳不了呢,2
什么有可能？,2
那么咳睡不了觉怎么办？,2
医生你好，今天除了喉咙痛，鼻塞。还偶尔有喘咳，能开点药吗,2
请问大人打预防针也是挂预防保健科吗,2
那有什么用药建议吗？,2
希诺宁可以吗,2
从开始打，还是从打完，开始计算呢？,2
是，那今晚先吃布洛芬？,2
您是说孩子可以服药是吗,2
需要做手术吗,2
可以改吗,2
假体隆胸取出后，乳房会不会恢复原来一样？,2
梁医生帮我多开一些行不？,2
有时有呢,2
需要吃什么药吗,2
有位置吗,2
可以这样吗,2
急诊现在也可以挂好吗,2
可以中医调理的吗,2
不好意思，林医生，我想问一下4号监测排卵下午有没有开门呢,2
全天都开吧？,2
那先观察吗,2
上午几点吗,2
一个月的宝宝，5天没拉屎放屁巨臭，应该挂什么科？,2
迟到了也没事吧？,2
挂他号去问问吗？,2
无痛胃镜是麻药吗？,2
TSH高是什么原因引起？,2
一般调药多久需要复查甲功？,2
现在需要增加半片药量是吗？,2
什么意思？我理解不了，医生可以解释一下吗？,2
TSH高是甲亢吗？,2
月经来了，医生开的调经汤还能喝吗？？,2
请问是直接过去产科看房和预定还是….？,2
儿童身高问题看什么科？,2
是微创的吗,2
你们不是吗,2
咋又贵了？,2
这一盒是160元了？,2
是没有问题的吗,2
昨天医生没有给我开止痒的药啊？,2
昨天医生没有给我开止痒的药？,2
怎么操作呢,2
可以开发票吗,2
真的没事吗,2
入职体检可以吃早餐吗？,2
没有其他方式开具了？,2
皮肤科能块速去除吗,2
能打篮球不？,2
就是其实不是很严重是吗,2
中性粒细胞不是降低 才是病毒感染吗,2
能买到这个药吗,2
不需要服药吗,2
你好在吗,2
你好，在吗？,2
你好，低蛋白大米含蛋白质吗？,2
那发烧可以喂奶吗,2
病情：请问发烧可以喂母乳吗,2
那发烧可以喂奶吗,2
挂哪个科室？,2
孩子胳膊上有几个红色的点点，可以帮忙看一下吗,2
吃什么药？,2
17*8算好大的吗？必须手机？,2
夏枯草胶囊？,2
17*8算好大吗？,2
饮食要注意什么吗？,2
吃什么呢？,2
需要进一歩诊治吗,2
一个疗程会好吗,2
社保能够报多少比例？,2
有什么好的方案吗,2
今天小孩要打预防针和42天儿童保健需要分开挂号吗,2
请问一下小孩昨天开始流鼻涕，没发烧没咳嗽，吃啥药合适呢？,2
药费多少？可以马上给我发吗？,2
这两个价格是多少呢,2
自费的呢,2
如果做脱敏得多久？,2
为什么换季的时候也会发作？,2
只能佛山社保对吗？,2
4号才有吗？,2
那可以帮我问问哪里有做核酸的吗,2
哦，可以了，这么贵的吗？,2
那么心肌梗塞呢,2
那不考虑心梗或者冠心病之类吗,2
没不舒服呢,2
我想了解扁桃体结石是挂哪个科？,2
我想了解扁桃体结石是挂哪个科？,2
那有什么？,2
话说，新冠阳的时候，可以泡温泉吗,2
这种我可能汞中毒吗,2
还有一个问题、如果想增强免疫力，建议吃点什么呢,2
都是门慢呀？,2
一样开三月药？,2
这大便正常吗？,2
诊疗卡操作人可以共享吗,2
那小孩子的呢，父母只能一个人使用？,2
需要停药吗,2
能治好吗,2
那要换药吗,2
这个现象不是水解奶粉过敏现象吗？,2
感冒了  可以开点连花清瘟胶囊吗,2
请问舌头下根部长东西，要挂什么科？,2
痤疮是孢子菌？,2
我这个是肛周脓肿吗？,2
微创不可以做？,2
不及时做手术会感染其他地方吗？,2
这么贵的吗？,2
哪个品牌奶粉呢,2
就是要把白色的洗掉吗？,2
不用刻意去洗掉？,2
现在都是38度几或者是37度几？,2
这种严重吗,2
咽炎片那些有用吗？,2
线上能开雾化单子吗？,2
我可以过来复诊吗,2
张医生，我想下午有复诊，不知验血结果出了未？,2
好的，周六周日也是吗？,2
抽血中心是早上几点上班的？,2
把抽血单直接带到抽血中心抽血就可以了吗？,2
我可以直接联系主治医生吗,2
甲亢能拔牙吗？,2
宝宝发烧挂什么科吗？,2
怎么说呢,2
发热也是随便挂吗,2
挂这个吗,2
淋巴发炎挂什么科？,2
氟康唑吃一次够了吗,2
有需要定期给他吃点什么开胃的食物吗？,2
挖笋会受刺激吗,2
凡士林可以用吗,2
有什么外用药可以涂吗,2
所以幼儿园老师入职体检结果，在医院的小程序是看不到的啊？,2
那我自己是看不到结果吗,2
我还想着看一下结果呢,2
有官网网址？,2
那我在哪里看？？,2
官网可以自己看到结果吗,2
你好 想洗牙的话 是挂什么科呢,2
包皮炎，一般抹什么药好呢,2
我想问一下我现在能不能性生活？,2
你们查不到我就诊记录吗？,2
咋样更久点呢？,2
男性的问题可以咨询你吗？,2
我现在这个严不严重呢,2
好的，如果不备孕不需要管吗,2
这些都要查吗,2
你们有Paxlovid吗？,2
你们科室在哪个地方？白玉兰大楼吗？,2
1. 药物，药量需要调整吗？,2
也是继续吃这款头孢都可以，是吗？,2
不同牌子的都可以是吗？,2
如果我挂视频问诊是否也不能开呢？,2
今天有上班吗,2
病情：2个月22天可以打针吗,2
要住院吗,2
可以打吗,2
继续吃阿比多尔片可以吗？,2
家里有阿滋夫定片 如果吃有什么禁忌吗,2
我想咨询一下，做个入职体检该挂哪科，然后五一期间可以做吗,2
医生我这个问题大不大呀？,2
那进口的是不是要贵很多？,2
请问鼻科有上班吗,2
他会自己好吗,2
好我去药房买可以吗,2
能自己好吗,2
没有具体的建议么？,2
你这能开两盒不？,2
可以换时间吗,2
你好，请问贵院有狂犬疫苗接种吗？,2
那每天都可以冲洗下面吗？,2
直接到总院取药吗？,2
要直接拍还是先洗干净呢？,2
我没有感染呢,2
这边还有什么新冠的药物吗,2
这里走吗,2
这个不是激素吗，所以担心，哪如果我停一个月先行不行呢,2
您好我想开氨甲环酸注射液能开吗,2
安瓶的也不行吗,2
怎么换牌子了？,2
要挂的话，是挂什么科呢,2
是8点上班吗,2
现在是只能去医院开了吗？网上所有平台都不行吗？,2
我打字不是几好语音方便呢,2
可以语音吗,2
那脚踝处痛 怎么办呢,2
换什么药呢,2
需要怎么弄呢,2
考虑是不是感冒的炎症所以引发了耳朵也有炎症？,2
那要买什么滴耳液？,2
滴耳液的话，氧氟沙星滴耳液管用吗,2
这个是什么意思呢,2
拍在手机上 户口本相片证明可以吗,2
这三种一起用吗,2
我是想知道是一起放进雾化器使用吗,2
是要一起用的吗,2
也是一号楼三楼是吗,2
那我这一辈子都在连续吃？,2
挂儿科吗？,2
我不是也安排在5号下午了吗？,2
蛋，牛奶这些可以吃吗？,2
打球伤膝盖，饮食上有什么忌口的吗？,2
测眼压？是不是就是眼睛夹一种检测仪器？,2
长期熬夜吗？,2
陈医生，在？,2
真的，辛苦帮我把问题解决了好吗？,2
可以打是吗,2
现在不能打吗,2
我想问下，小孩4天前发烧，可以打预防针吗,2
请问还在吗,2
我想问下你们医院有得做新冠抗体检测吗？,2
有肝病的可以吃吗,2
小孩测了是甲流，那么家里人需要吃点奥司他韦预防一下吗,2
一天两次吗,2
密切接触过甲流患者，可以提前吃这个预防是吗,2
左后侧腰部的疼痛，和内科器官的关键性大吗,2
鱼类都不可以吃对吗,2
肉都不可以多吃对吗,2
汤都不可以饮吗？,2
鱼干，咸鱼可以吃吗？,2
花生，豆类可以吗？,2
炖汤可以吗,2
你好，请问你院的九价咨询包售罄，什么时候会上线呢,2
葡萄胎是什么意思？,2
那是什么意思？,2
是在这里约吗？,2
如何选择定点医院？,2
可以在线开单的吗,2
总院在哪边呢,2
你好，监测卵泡一大概要多少钱呢,2
这两款可以吗,2
好的 线下买不到医生开的牌子 我可以用哪款呢？,2
我和宝宝一起睡会传染给宝宝吗？那些席子被子要消毒吗？,2
下午也是可以的是吧？,2
可以退款吗？,2
新市药科附属第三医院，有红蓝光治疗仪吗,2
不是按条吗,2
我想问一下血脂高可以吃那个多烯酸乙酯胶囊吗？,2
这是疖子吗？,2
可以开民得维吗,2
暂时没有呢 在家吸氧呢,2
一般深度水解要吃到几岁？期间孩子营养会够吗？,2
孩子经常晚上睡不安，一醒来挠头是与奶粉不适合有关系吗,2
羊奶里面也有牛奶蛋白吗？,2
可以喝部分水解吗？,2
那大概需要吃多久？,2
现在不让网上买药了？,2
医生麻烦开下药呢？,2
水都不能喝吗,2
糖耐怎么做来的？,2
糖耐的意思是有没有糖尿病是吗,2
请问伤口缝针之后可以使用碘酒消毒吗？,2
只能周日带孩子去看了  现在还能用什么眼药水吗,2
现在还可以用药吗,2
你好，洗牙的价格多少呀？,2
有咨询电话吗,2
我想洗牙，价格多少呀？,2
我想问，我刚挂错了，能改吗？,2
这款药现在开不了了吗,2
微信上可以帮忙开吗,2
大概多久会 补货吗,2
可以涂些什么愈合伤口吗,2
容易约吗,2
请问一下，绑卡到激活中就好了是吧？,2
不接受第一针？那怎么办？能退吗？,2
上火是不是就要降火呢,2
可以询问一下你其他的医学问题吗,2
隔天可以拿吗,2
姐姐也是咳嗽有痰，如果可以的话，能否开多些？,2
这药12岁女孩能吃吗？,2
那现在改还是？,2
那需要吃些什么药吗？,2
那益生菌还是一天一包给她吗,2
没有换哦，还在喝新的奶，是需要换回去吗？,2
就诊卡没有绑定微信，怎么帮忙挂号？,2
能调得好吗,2
我就想直接过去拿 不看诊可以吗,2
直接过去药房拿是吗？,2
那可以乙酰半胱氨酸颗粒可以和对乙酰氨基酚片一起吗？,2
这个做雾化的药 是混合在一起后再加入2ml的生理盐水是吗,2
这个是在总院吗？,2
你好，想问一下假如甲沟炎看什么科呢？,2
是什么科？？,2
线下开的方便吗,2
定期甲功复查的话是多久时间一查？,2
还能再观察观察嘛？,2
那是吃什么药呢？,2
预约挂号有事去不了会扣几分呢,2
就不属于高端产科对吗,2
如果无指证想剖腹产[捂脸]跟医生沟通就可以了是吧？,2
可能是五一放假吗？,2
脑干诱发电位能在围场做吗？,2
请问贵院可以办理驾驶证换证身体检查吗,2
好的，收到，检查完你们会自动上传到交警系统的对吗,2
是要吃什么药呢,2
就是我1周左右过来抽血复查血值吗,2
吃阿莫西林克拉维酸钾和穿心莲可以吗,2
匹代他汀用量每天几次每次几毫克较好呢,2
另外如果来例假是停药对吧！需要服药到完全摸不到增生吗,2
哺乳期妈妈吃了布洛芬可以给宝宝母乳吗？,2
高血糖有什么好药？,2
里面的长在里面，这个日后会长出来吗,2
能一起吃吗？,2
马来和我发给你药单哪款相同？,2
和这些药能一起吃吗？,2
我发给你是吧？,2
钥匙没有呢,2
暂时没有了呢,2
这个药需要冷藏吗,2
呼吸道合苞病毒检测，现在医院下班了能检测吗,2
我能够服药干预吗？,2
对呀还可以帮忙开点钙吗,2
直接擦上去脓包那里吗,2
那可以正常上班？,2
如果是心律失常呢？是什么问题？,2
挂什么科？内科吗,2
不做24小时的动态心电图，就平常的心电图，结果不一样吗,2
你好，请问林惠兴医生有上班吗？,2
你好 提问一下  药品质量正品保证吗？,2
现在不能抢五月七号九价了吗,2
不缺钙也要补钙？,2
锌是叫钙锌吗？,2
液体钙外面可以买吗？,2
现在可以给他补锌看看？,2
要处理吗？,2
医生，如果奶量上去，钙也要补到三岁吗？,2
钙的话平时可以就吃AD和D3吗？,2
这不坑钱吗？,2
可以开新冠药吗,2
您好！问一下四楼体检中心中午几点下班？下午几点上班？,2
这样的状态正常吗？,2
那迟点再去B超，也是拿回那张纸就可以吗,2
这个7天内是不是可以退款的？,2
没有用过的权益可以退款的吧？,2
辅食已经添加了，补锌是买什么来补？,2
常规补钙是说可以一直补钙的意思吗,2
那医生您这边可以我开一些补锌的冲剂吗？,2
打印这一张就行吗，还要快递给你吗,2
这里要填写吗,2
诊疗证明是要求开才开出来的？,2
上星期开过b超单的 今天去照需要挂号吗,2
上星期开过b超单的 今天去照需要挂号吗,2
直接去哪里照呢,2
能喝水吗,2
线上有吗,2
能帮咨询这款有药了吗,2
好的谢谢 是暂时的吧？还是一直没有呢,2
这个月会有吗？,2
需要我回去收费处一趟是吗？,2
11周查不到吗,2
那就是8号就可以去做nt了吗,2
是禅医吗,2
面诊当天可以安排吗,2
可以发个位置信息吗,2
复查的话我还是挂保健科吗？,2
然后TSH比之前降了，只超标一点点，请问这严重吗？,2
又是阳性，请问医生还可以开啊滋夫定吗,2
啊？什么时候会有？,2
你能看明白这个吗,2
看到了吗,2
说话好吗,2
那从哪里能买到呢,2
有结肠炎，这个算吗,2
小朋友不吃饭 不喝奶怎么办？,2
塞了也会痛？,2
在就是整形科可以拆线吗？,2
有价格表吗？,2
在哪里付费呢,2
是可以邮寄呢,2
还是可以直接电子查看呢,2
脊柱侧弯腰痛今天可以做理疗吗,2
是挂中医康复科吗,2
是挂号的那位医生直接进行推拿吗,2
请问在查吗？,2
吃哪种氨基酸比较好呢,2
好的，氨基酸是直接上吗？不需要过度？,2
这种可以吗,2
那头那里现在要怎么处理呢,2
氨基酸要吃多久呢，也是直接上不用慢慢转吗,2
多少钱？多久出结果？,2
有链接吗,2
我想约7号上午去打九价第三针 可以吗,2
现在可以去吗,2
周末有上班吗,2
每天都可以洗澡吗,2
是我作为家长给了她过多压力完成的吗,2
这个病能痊愈吗,2
造成的吗,2
只能同过这样控制吗,2
会因为感冒过而加重吗,2
想问一下老人家，90岁左右那个血压多少才算正常？,2
可以告知路线吗,2
请问用什么药？,2
月经过后的2－5天吗,2
还是可以正常备孕，成功后也不用担心是吗,2
不能再买药了吗？,2
大夫在吗？,2
打针还是吊针好点？,2
那还是要用氯雷他定或者西替利嗪吗,2
新冠药都买不了吗,2
你们是几点上班的呢？,2
我是说你们这个微信平台上班时间是几点到几点呢？,2
要去药店才能开吗,2
一个早上可以看完全部吗,2
退烧药有吗,2
我可以停药打吗,2
而且不能退？,2
可以打吗,2
是美国的吗,2
黄疸没去完可以打乙肝乙肝第二针吗,2
请问这是热疹吗,2
这样的话，那我下次可以约吗,2
那这样是不能接种了吗,2
可以单独使用复诊包吗,2
哦哦好的，我有一个复检包，里面就写了要查什么指标了吧？,2
周日可以抽血吗,2
今天不是没上班吗,2
我不是很清楚，我问清楚再联系您可以吗,2
你好，这个是抽血检查报告的，请问是否怀孕了呢,2
各项都正常吗,2
下面长了小颗粒会是感染吗,2
房颤，心律不齐，冠心病，挂什么科呢？,2
便秘，容易头晕眼花，这个挂什么科呢？,2
就吃头炮吗？,2
单吃头炮就行？,2
利兹夫定也不能开了吗？,2
等了一个月了，还要好久么？,2
可以约下午看病吗？,2
用通草煲鲫鱼汤效果不明显，还有其他食材能追奶吗,2
需要截图吗,2
你好！可以在网上开化验单吗？,2
是什么原因导致的呢,2
看肝胆内科是吗,2
问一下，什么原因？,2
可以配新冠的药吗,2
你好 这个药有吗,2
我可以先消炎吗,2
头孢克洛，8岁半儿童，体重23.5kg用量是多少？,2
有结果了吗？,2
一天几次？一次多少？,2
这个可以吗,2
今天会有放吗？,2
今天有苗吗？,2
那最快什么时候有呢？,2
怎么可以降尿酸？,2
这个需要怎么处理吗？,2
老买着呢,2
你好，咳嗽挂什么号？,2
就是没有了的意思吗,2
以前是要去打预防针防保科手写的，想问现在还是一样吗,2
总院是石湾这边吗,2
搬到白玉兰大楼那边去了？,2
不是地铁站旁边吗,2
可以一个星期左右再查吗,2
那问诊费退了？,2
中成药缓解头疼的有哪些？,2
家里老人有老年疾呆症，现有点肺炎，请问可以住院吗,2
是月经推迟一个星期还是半个月？,2
我的意思是什么时候用试纸试最准确？,2
那我什么时候用试纸试合适？,2
那大约是什么时候用试纸试最准呢,2
用黄体酮么？,2
那怎么办呢,2
大姨妈能补牙吗,2
能让他现在联系我吗,2
请问经常失眠，看什么科？失眠看什么科？,2
不是说2500以上就是VIP吗,2
那现在能退吗,2
要约时间吗,2
应该怎么办？怎么处理？,2
还有其他办法的吗？,2
麻醉药危险吗？,2
能用什么眼药水滴呢？,2
有没可能自己出来？,2
用生理盐水冲能冲出来吗？,2
直接挂眼科吗？,2
什么时候过去合适？,2
今晚有开诊吗？,2
我怎么避免，她现在已经发生了！有没有什么建议呢,2
这种是否可以矫正呢,2
那有什么可以辅助的呢,2
怎么知道那个式合她？,2
早上好，如果买个宫托要去医院买吗？,2
请宫托是否要常取出清洁？,2
平台什么时候有货呀？,2
您这买不起来吗？,2
这个还有什么药可以替吗？,2
没有确切消息吗,2
关注了 但是没看见有显示日期呢,2
或者在哪里能找到呢,2
老师，在吗,2
带什么证件？,2
那需要带什么？,2
听说硫磺皂对湿疹螨虫的有效吗,2
降血糖要吃什么药呢,2
你现在能看到我当前的主诉是什么场景吗,2
没做过呢,2
白玉兰4楼五一上班吗？,2
想让老人家里休息，家里吸氧能行不？,2
这个药副作用大不？,2
血氧这么低正常吗？,2
感康能吃吗？,2
请问去爱多医疗中心的K11店，是在那个移动大巴上打吗？,2
有煮好的或者半成品吗,2
现在鼻涕都是黄绿的，那麻烦医生开方子可以吗,2
就是积食湿寒吗,2
蛋白质是指肉类牛奶这些吗,2
需要增加什么药吗,2
现在就是需要咨询的是问问做活检有没有必要？,2
做活检还有没有必要？,2
你好 在吗？,2
是这个吗,2
这个不接受接种第一种那我买的这个怎么办？,2
那要怎样才可以接种？,2
那这个只是轻微？,2
要怎样适当应对？平时要怎样做？,2
荨麻疹可以根治的吗,2
挂什么科呢,2
会不会是尿酸高引起的痛风呢,2
还是挂骨科吗,2
就是注意有没有伤口感染？,2
有，吃什么药能睡着呢,2
需要看骨科比转精准清楚的吗？,2
请问有没有奥斯塔他维？,2
请问一下问诊费可以退吗？,2
请问有没有奥司他韦？,2
那现在能开的吗？,2
我还有什么办法？,2
一周几次为好？,2
可以吃这个吗？,2
还要继续吗,2
有问到了吗？,2
需要挂专家号吗,2
可以开点司美格鲁肽吗？,2
好的，谢谢医生，请问复查主要查什么呢,2
这个您能判断下吗,2
医生，想问下，这种药10个月的宝宝应该吃多少量比较适合？,2
男的挂男科？,2
那我老公呢？,2
我老公也去看妇科吗？,2
不是免费的吗,2
苹果能吃吗,2
还能吃苹果吗,2
还有辅食粥还能吃吗,2
这里下单吗,2
用什么药呢,2
能发下价格吗,2
针灸艾灸几点结束？,2
还没，测乙肝两对半，挂什么科？,2
为什么乳酸脱氢酶和羟丁酸脱氢酶单独不高，连在一起就高呢？,2
小孩脖子不舒服挂什么科？,2
今晚能不能去看？,2
时间越长越好？,2
病情：8岁女童乳房微凸，正常吗？,2
是挂儿科还是普通内科开单？,2
需要挂耳鼻喉科吗,2
请问你们是公立医院吗？,2
这个什么时候可以打？,2
你好，我们医院外省的农合住院可以报销吗？,2
需要拔吗,2
8个月宝宝发烧出现这个是什么？,2
这种需要药物处理吗,2
血脂异常是血脂稠吗,2
治疗幽门螺旋杆菌期间能喝茶吗,2
那他贫血严重吗,2
可以帮我后台看下什么问题嘛？,2
不挂呼吸科吗？,2
你好！四个月宝宝咳嗽厉害挂什么科？,2
只能约7号的对嘛？,2
吃钙片可以吸液吗,2
这么快能照得出吗？,2
5号可以做吗,2
胃镜能看出来吗？,2
电话号码能找到吗,2
一般都是上午做肠镜吗,2
能确定吗,2
还要自己掏钱吗,2
14 30到15可以吗,2
是很痛的是吗,2
你这边是已经帮我约好了吗,2
那我早点过去可以吗,2
8点左右上班了吗,2
这个不用吗,2
你好，临界风险要做无创吗,2
这个需要做无创吗,2
那要怎么办呢,2
这个需要住院观察吗,2
就是不知道用眼药水的同时，能不能吃抗甲亢药？,2
需不需要去拍个牙片？,2
清鼻涕呢？,2
这样的话，血液报告没啥事，我后面还需要回去复诊么？,2
下肢就是指脚对吧？,2
如果顺便看看静脉曲张可以吗,2
因为没吃过，我查了一下，说是小孩不建议吃克林霉素？,2
小孩能吃克林霉素吗？,2
不是你凶啥呢？,2
怀孕7周左右能用开塞露吗？,2
没有手机号可以添加？,2
小儿体验的话是去褝医还是去社区呢,2
我的也可以挂儿童的吗,2
可以用社保吗,2
是把它摇匀之后，然后用棉签上对不对？,2
还是我买什么药吃或者涂抹？,2
就是霉菌性阴道炎和沙眼衣原体可以同治嘛？,2
可以寄过来嘛？,2
线上操作可以吗,2
没超过半年也要吗,2
还要去打吗,2
定点是去小程序里面操作还是去门诊收费口操作呢,2
手机付钱吗,2
是二甲吗？,2
周末可以去吗？几点到几点？,2
请问一下意外流产社保领津贴的咨询点在那里呢？,2
伱好医生，线索细胞阳性我需要再去就诊吗？可以帮忙开药的吗,2
是不是要打麻药？,2
小孩的牙没松，但是里面的牙已经长出来了，能拔吗,2
想问一下有儿童拔牙的吗,2
我开的发票怎么还没寄给我？,2
现在过去还来得及吗,2
如果做肠胃镜前期要做什么准备？,2
今年起腰椎左后侧处往后仰就会痛，这个要做什么检查？,2
我正常下周什么时间能拍彩超啊？,2
就是这个数值不低？不用服药？,2
我是算孕周应该是四周？,2
这个孕酮指数正常吗,2
请问不能热敷吗？,2
你好，在吗？,2
就是我现在还需要换奶粉吗,2
您能帮我看看吗？,2
好的！谢谢。以后也是满了20支才可以吗？,2
可以帮忙审核一下李晓慧的患者管理计划嘛？,2
焦虑症可以诱发头晕吗？,2
就是约好后，直接过来贵院接种就可以了，对吗？,2
一个中医一个西医？,2
还是吃什么药比较合适？,2
好的，正常999冲剂可以吗,2
可以吃感冒药吗,2
她以前吃了几次依托考昔好像效果没那么好了，塞来昔布合适吃吗,2
以前关节痛吃过依托考昔片，买哪种止痛药物好呢,2
请问有抗病毒药吗,2
要过去医院开吗？还是说一下药物名称，我就在药房买？,2
请问一下怎么选择定点医院吗,2
现在有急诊吗,2
你好，可以来来瑞特韦片吗,2
是不是有虫？,2
寄生虫，请问不育症有联系吗,2
应该问题不大吧？,2
许医生，你好！请问我的宝宝头围有没偏大？,2
许医生，请问有无帮确认我的b超结果啊？,2
白血病前期是这样出血的吗？,2
挂那个科的号呢？,2
是不是血小板偏底？,2
医生您建议，老人一会什么时间吃合适？,2
好的，早上刚吃的早餐，可以用药吗？,2
一天一次，一次5片对吗？,2
是午餐前空腹吃可以吗？用药在等一会？,2
那已经第四针在香港打了复必泰，多久以后还要打呢,2
你好，请问下我肩膀痛可以挂什么科，骨科吗,2
您的意思最后的药方？,2
我那张图片没有美颜的呢,2
那就是星期日上午可以做对吗,2
所以之前干净了，现在又有，是正常的？,2
需要自行买益母草颗粒吃吗,2
好的，内分泌失调应该怎么办呢？,2
如果胆囊有疼痛症状是不是必须做手术切除胆囊呢,2
请问有什么问题吗,2
请问发票什么时候到？ 不是说顺丰包邮吗,2
合生元的益生菌可以吗,2
那有可能是什么呢？,2
还没有呢,2
可以开阿兹夫吗,2
什么类型的呢,2
我最近两天，喉咙痛咳嗽比较厉害，请问可以吃什么药缓解呢？,2
好的 b超挂了您的号再找你来单吗,2
回执在哪里可以拿呢,2
产科前台呢？,2
你好，孕妇背部中间疼痛 想看中医可以吗？,2
你可以帮我发下链接吗,2
12.00到14点是休息时间是吗,2
我咨询一下小儿肺炎住院一天大概花费多少？,2
胃不舒服，可以帮忙开上次的胃药吗,2
嘴巴破皮需要理会吗,2
就这次干净后去？,2
再吃的吗,2
下次做可以吗,2
那是因为安眠药药效还没过才晕乎乎吗,2
可以买吗？,2
这个能拖吗,2
那我现在可以吃一些对症的药吗,2
有点发黑 我查了查黑便 是不是胃癌啊？？,2
然后黑便没有其它原因了吧？,2
胃镜需要做吗,2
怎么查啊？,2
那咳嗽呢,2
找之前的产科医生吗,2
我平时不出汗的，手脚体温比别人高，内分泌食药能调理吗？,2
炎症是没那么快消是吗？,2
无痛，普通，胶囊分别是？,2
半个小时？醒后会不舒服吗？,2
先麻醉，再管子弄进去？,2
麻醉的话，是从手腕上打进去的吗,2
先挂消化内科，然后再预约你上面的那个无痛的链接对吗？,2
胶囊疼吗？还要把胶囊拿出来吗,2
那能约到当天的吗,2
我约7号早上的B超可以吗,2
美林能和药一起吃吗？,2
明早可以直接去是吗,2
取精液，在厕所还是小房间？,2
我想检测一下精液，请问挂什么科？,2
还是可以暂时不去看？,2
请问之前有发送的发票链接和门特补贴这些没看到发送？,2
每年慢性病补贴的1000元是怎么补的？,2
欧，就是结算的时候直接抵扣了对吧？,2
蒲地蓝消炎片可以吗,2
好的谢谢，请问现在检验是在什么地方？,2
对了，另外我吃过肚子疼的药，可以的吗？,2
还有一个事情，就是有结果后，我怎么看医生？,2
是不是检验前不能吃东西？,2
我想来检测，是不是直接去就可以了？,2
切除还会长吗？,2
到时直接过去1号楼，对吗？,2
还可以用？,2
我想要女医师可以吗？,2
线上可以？,2
你好 感冒第7天 目前有少量黄鼻涕 可以喝这些中药吗,2
感冒咳嗽也可以喂奶吗,2
谢谢医生。在哪里看开好的药？,2
今天的也是生殖器疱疹吗？,2
这个药开了我直接过去医保卡缴费就可以拿药了是吗？,2
你好在吗？,2
涂这两个管用吗,2
不刺可以吗,2
蛋白定性阳性没事么？,2
有没有复方氨酚甲麻口服液？,2
不好意思，刚刚没注意，这会给您回复过去方便吗？,2
您能帮我传一下吗？,2
是否澜石小学后面那个服务中心？,2
这是之后可以在线问私人医生的意思吗,2
这样就可以了吗,2
你好，请问8岁多孩子说一侧腿痛一般是什么原因呢？,2
脚痛会不会跟缺钙有关呢？,2
前两周低烧了一个星期，会不会跟这个有关呢？,2
需要不需要查一个心肌酶呢？,2
有没有什么优惠政策啊？,2
免费的吗,2
没领结婚证都可以免费婚检吗？,2
藿香正气水可以跟抗生素一起？,2
呕吐啥原因呢,2
是细菌不是病毒？,2
还用去看医生吗？,2
今天禅医有呼气测试做吗,2
城南这边有吗,2
那个药还吃少了两粒，还要继续吃吗？,2
体温37，是正常的吗,2
能开这个药吗,2
看痔疮今天可以看吗,2
今天上班吗,2
那我可以约下周六吗？,2
平时你们周六也可以约的吗？,2
现在排到什么时候了？,2
是支付后再选择定点医院？,2
幽门螺旋杆菌感染及尿路细菌增高用什么药？,2
哪个数值有异常呢,2
我是25号人流的，几号去合适呢,2
最近七天左右去吗,2
血常规看的出来吗,2
你好，请问下我那个胃药停了十天了，能做那个幽门螺杆菌了吗？,2
9点到十点是吗？,2
小孩用什么药呢,2
看完了吗,2
医保卡余额也不行吗？,2
九价可以使用医保卡缴费吗,2
耳科配助听器有卖吗,2
目前一边鼻子堵了，一边鼻子涨浓了，请问鼻癌的都机会大吗,2
可有新冠相关的药物呢,2
请问有新的进度吗？,2
请问有新的进度吗？,2
上面那些问题你都不清楚是吗？,2
打第三针还要花99吗？,2
医生，现在约第三针时间够了吗？,2
请问现在能帮忙开这两个吗,2
阿兹复定有货吗,2
能提醒到货吗,2
可以开一盒备用吗,2
需要什么流程才能开呢,2
今天做不了b超吗,2
是约什么号？,2
儿保科特需号吗？,2
你好:为什么我的约号被消了？,2
周四是今月几号？,2
你好:为什么我的约号被消了？,2
查哪些项目呢,2
有看见吗,2
这两天没有医生，有没有什么办法缓解一下呢,2
我之前做的事血常规吗,2
就是每次都要查是吗？,2
那我现在是等到8号那天再去人流吗,2
你好，不像妊娠囊的话那我是不是可以等到8号再去做呢？,2
具体怎么操作呢,2
还是新建一个？,2
能添加妈妈名字+婴这样吗,2
你们那里中午几点钟下班啊？,2
要再发一次吗,2
是每个人都点不开吗,2
可以迟点吗,2
可以3点到吗？,2
我现在怀孕中，22周，骨癣能用什么药呢,2
我还需要继续吃抗过敏药和涂点消炎面霜吗,2
应该怎么做呢？,2
从哪里找这个？,2
怎么重新注册？,2
有没有截图？,2
我有截图吗？,2
能私底下加您微信吗,2
可以开了吗？,2
还有什么？,2
黄医生，是不是开错了？,2
手机可以开那个汤包吗,2
现在还有人接听吗,2
你看指标如何？,2
平常也痛的吗,2
请问咋么回事呢,2
请问大夫还有能在一起吃的药吗,2
可以线上开方吗,2
还要今晚9点吃吗？,2
病毒炎症？,2
你好  李医生  抽血多长时间能出结果？,2
请问一下，这个应该挂什么科？,2
一般验血脂多久可以出结果呢？,2
体检中心什么时候考试工作呢？,2
是指体抗力还是什么？,2
这两个数值是什么意思呢？体抗力呢？,2
哦哦，那你觉得头孢还用继续吃吗？,2
请问膀胱不舒服应该挂什么科？,2
方便问一下，贵院多少钱一支吗,2
你好在吗,2
胰腺癌转移到肝可以使用90树脂吗,2
小儿氨酚黄那敏颗粒可以吃吗,2
现在又在外旅游，该吃些什么药好呢,2
怎么没看到有骨科挂号处？,2
我想问下如果刚怀孕不久排出褐色分泌物正常吗？,2
挂好了呢,2
怀孕早期我是挂妇科还是产科呢？,2
真的假的？,2
能预防感冒吗,2
哦，对感染没作用啦？？,2
一岁八个月能吃吗,2
这里可以打吗,2
也是挂产科吗,2
剩下瓶去年的 用先吃上吗,2
3岁孩子低烧需要就诊吗？,2
这个我说的都包含了吧？？,2
是下午几点开始？？,2
这个血常规是多少时间不能吃东西？？,2
开不了、退号吗,2
左腿起了疱疹啦！疼还刺挠，摸阿昔洛韦软膏也不管用，怎么办？,2
大夫开了盐酸伐昔洛韦片，但是我看那个药对白细胞不好，能吃吗,2
肺部有结节可以吃吗,2
晚上我每天用莲子、川贝加三颗桂元煮汤喝习以吗,2
验过敏原是抽血吗？费用大概是几多呢？要多长时间出结果吗,2
要抽血验敏感源的吗,2
请问有药吗？,2
请问看痔疮挂什么科室？,2
在那里抽血呢,2
在那里抽血呢,2
在一楼吗,2
可以帮忙发一下验血单吗,2
宋医生不是星期四上午有的吗,2
你好，李萌医生什么时候上班？,2
请问宋其宁医生呢,2
小孩有蚕豆病，开了鼻窦炎的药，能吃吗？,2
请问禅医现在有甘精胰岛素注射液吗？,2
那还需要氯化钠注射液吗？,2
好，那硫酸特布他林雾化吸入用溶液是不是没用？,2
那我现在备孕的话，我要打几针，备孕的话不可以打吗？,2
你好我可以打几价的HPV？,2
我先搞个复方醋酸地塞米松试试？还是你有其他推荐？,2
吃啥？氯雷他定片？,2
最近去过一次海边玩耍？,2
请问可以做核酸检测吗？,2
还能促排吗,2
那我现在开始吃，然后也是月经来的第二天到第四天期间复查吗,2
现在开始吃是吧？,2
我现在来月经第四天，开了达英35之后直接吃是吗,2
然后坤泰和维生素E和叶酸继续吃吗,2
去咨询一下姨妈为什么延迟没来是挂那个科吗？,2
是用什么药呢,2
请问眼膏是涂白包部位，还是翻开下眼皮里？,2
如果身体出现什么异样需要及时就医？,2
这个会不会发展成乳腺癌？,2
如果定期观察多久复查一次？,2
目前可以先定期复查？,2
请问预防保健科什么时候开诊？,2
那是24小时的吗,2
中医是号脉吗,2
眼膏也不可以吗,2
线上问可以吗？,2
好的。上午方便还是下午？,2
请问中药治理会有效果吗？,2
可以做入职体检吗,2
每天都可以做吗,2
发票a和b只需要一个嘛？,2
我需要提供什么资料吗,2
现在做一次核酸是多少钱呢,2
是佛山疫控吗,2
你那里有发烧吊针吗,2
他那个湿疹一直在，要怎么处理？,2
要怎么处理？,2
可以帮开扎手指验血的单吗？,2
你那能操作吗？,2
是精神科吗,2
那我先打针吧，炎症呢,2
婴儿可以洗鼻子吗,2
你好 可以开司美格肽吗？,2
需要带什么资料吗,2
口腔科儿童专科，可以涂氟吗？,2
想请问宝宝出生后一直吐着舌头是什么问题呢,2
是不是只能工作日做？,2
麻烦帮忙分析一下我的胃可能会是什么原因呢？,2
比较近的日期大概什么时间能约到？,2
为什么显示收货0呢,2
可是显示0无法申请这个怎么弄呢,2
请问在哪里确认收货呢,2
小儿发烧，美林一般间隔多长时间吃一次？,2
有炎宁颗粒，可是配合美林吃吗？,2
小儿眼科在哪栋楼看？,2
都还没有呢,2
之前不是才一百多吗,2
你好董医生，发个什么二维码？,2
请您看一下是这个吗？,2
你好董大夫，能把你的微信给我吗？我加个微信可以吗？,2
你不知道吗,2
，这个正常吗,2
五一假期也上班吗,2
罗教授如果寄过来怎么联系你呢,2
是否需要就医？还是慢慢就会好？,2
网上说，月经第一年会有不规律出现？,2
可以开酸梅汤吗,2
全身酸痛无力也有可能吗？,2
请问拿药最早几点可以呢,2
眼角撞破了挂哪个科？,2
在新楼还是旧楼？,2
好的。那相对应的解决方案是怎么样的？,2
医生你好我想问下这个血小板积压有点高严重吗,2
网上有一个贵院林医生和我联系过，不知是不员您的团队的？,2
找他安排可以不？,2
虾蟹蛋吃了组合就致敏吗,2
鸡蛋类是牛奶吗,2
这些药是要长期吃吗,2
没有具体吗,2
也不需要换药是吗,2
有体温是不是说明还有炎症？头孢吃了压不下去？,2
所以我该怎么办？,2
我家婆婆咳嗽，偶尔有痰需要吃什么药？,2
现在快五个月了体重只有12斤多，是不是有点偏瘦？,2
一盒是6片吧？,2
好的，谢谢医生，不我换药什么的吗,2
是开一个月吗？,2
可以约这个吗,2
现在能塞屁股吗,2
磁力共振的影像可以打印吗,2
打印时间有规定吗,2
有规定超过什么时候不能打印吗,2
什么调理？？？,2
我阴茎里面有生物补片怎么办呢？,2
重庆市中医医院可以吗？,2
那阴茎里面要不要取生物补片？？？,2
公立医院？？,2
这个靠谱吗,2
还是去公立医院？？,2
有上班吗,2
需要买药吗给宝宝吃吗？,2
过敏性紫癜挂什么科看好？,2
是确定宫外孕是吗,2
您好，请问高压正常，低压偏高，有什么好的方法改善呢？,2
好的，如果没选定点医院可以用医保卡扣钱的吗,2
知道多少钱吗,2
挂全科可以吗,2
在你们这边做阴道镜多少钱？,2
在你们这边做阴道镜多少钱一次？,2
您是看什么的？,2
这个咨询要钱的吗,2
这样啊，微创要多少收费？,2
请问可以正常建档吗,2
用吃西药吗,2
这样可以吗,2
那要不要最近去复查一下？,2
4可以吃吗,2
备孕可以吃吗,2
那这个痦子像是黑色素瘤吗,2
所以想问问这个不太像黑色素瘤是吗,2
我妈这个不太想黑色素瘤那个是吧？,2
它边上的小小的不会是那个网上说的卫星什么吧？,2
那切了需要做病理吗,2
不太好吗,2
我是家属，您和我说下，像是不太好吗,2
好，那痦子一般会痒吗,2
是黑色素瘤吗,2
26以上可下单九价吗,2
这个能够干预吗？以后会好吗？,2
普通淡水鱼可以吃吗,2
阿滋夫定片呢,2
明早还要做麻醉评估，麻醉评估去哪里报道呢,2
那不是在骗钱吗？,2
下午能取到药吗？,2
中药有颗粒冲剂吗？,2
可以开点药吗？,2
你好，你可以帮我查一下冯梓愉医生几时上班吗？,2
可以联系到她吗,2
小孩近视验光是拿少儿医保卡就行吗,2
眼科可以验光吗,2
能不能用？,2
就是我头上长了一颗疙瘩，我想去皮肤科看看是什么东西？,2
你们有Paxlovid吗？,2
能帮我约到周日吗,2
就是拍了胸片的DR，还有大便检测结果怎么看呢,2
能取消号吗,2
那没到 会不会扣钱？,2
朱医生，我今天止血了，妇康片怎么吃，还是一天3次一次8粒吗,2
需要做些什么吗,2
这俩个是什么意思？,2
你不觉得你回答的打太极吗，我花了50元咨询，就这样吗,2
你好 在吗,2
请问是直接到住院部吗？,2
红糖和生姜可以用嘛？,2
我孕6周可以喝葱白+姜片+红糖熬出来的水嘛？,2
我孕6周可以喝葱白+姜片+红糖熬出来的水嘛？,2
应该是风寒感冒吧？,2
其他没什么问题吧？,2
那要吃头孢类的药吗？,2
是细菌性肠炎吗？需要用抗生素类吗,2
蒙脱石散也要继续吃吗,2
如何修养身体呢,2
头晕脑胀，胸闷气短是怎么回事？,2
还会发烧？,2
先做心肌酶谱还是动态心电图？,2
如果没问题，要不要再查呢,2
随访24小时动态心电图吗,2
您是心内科医生吗？,2
如白天呢,2
不是挂儿童保健吗,2
小孩过敏源挂这个吗,2
像宝宝有点积食 这个需要吃点什么吗,2
那这个数值正常吗,2
铁剂需要买什么的 呢,2
现在还有这么多人看新冠吗,2
平时需要注意点什么吗？,2
挂特需可以看发烧吗,2
你好，孩子昨晚突然发烧，请问有挂号的链接吗？,2
请问一下就诊卡里的余额怎么提现？,2
她前两天发烧了，退烧后开始咳嗽，止咳药能跟四蘑汤喝吗,2
尿道炎有传染性吗,2
是什么原因呢,2
想问下要挂哪个科室？,2
公众号不可以吗,2
哪位医生还有号呢,2
盐酸舍曲林片吃了怎么想吐呢,2
这些在药店能买到吗,2
红霉素眼膏行吗？,2
男生查有没有性病一般查(⊙o⊙)啥？,2
陈医生在吗？,2
就是不用管是吗,2
这是正常的吗,2
啊  那号能退么？,2
请问今天可以做婚检吗？,2
性功能障碍？,2
他觉得他没问题，但是每次都这样，怎么会没问题？,2
是私人的吗？,2
那里可以看这个是吗,2
做输卵管造影需要挂什么科？,2
这个是什么问题呢,2
孕6周左右，促甲状腺素3.1，正常吗？,2
可以开拜耳的吗,2
请问范医生，我交费成功了吗,2
这边有牙科洗牙吗？,2
那应该怎么处理？,2
如何判断是否急性呢,2
贵院针灸一次收取多少费用方便透露吗,2
这个药您知道吗,2
吃他能喝酒吗？,2
麻醉评估要做些什么呢？大概要多久？,2
麻醉评估是什么时候做的？当天胃镜前做吗,2
做胃镜前需要注意什么吗,2
后天可以吗？,2
麻醉评估也要20分钟时间吗？,2
今天能加号看吗,2
那里都治不好吗,2
我看青光眼这里面也包括吗,2
治成人打呼噜这个问题，挂什么科？,2
不是挂内科吗？,2
还可以用抗病毒药吗？,2
什么时候再有呢？,2
我想问什么时候还有那个号？,2
那挂个那个科？,2
好呢 我是用半颗还是一整颗？,2
是病理性吗,2
想问下打了一天嗝还没消除是因为什么呢,2
那该怎么办呢,2
这是很严重的病吗,2
那喝藿香正气口服液可以的吗,2
你好  四价能约吗,2
医生好，请问脖子颈椎痛，挂哪个科室？,2
哦 需要降压药吗？,2
一天几次呢？,2
今天测了一次！饮食吃什么需要注意的吗？,2
什么食物对降压比较好呢？,2
需要吃降压药吗？,2
请问挂什么科合适呢,2
请问这种问题属于外科吗,2
你好，请问你们医生开的账单，多久有效呢？,2
这两个轮状有什么不同？,2
宫颈癌筛查呢,2
宫颈癌筛查呢,2
哦哦。靠谱吗,2
施比灵止痒消炎水有吗？,2
酒精中毒之后胃痛可以吃雷贝拉唑钠肠溶胶吗？,2
一个多月宝宝伊佳新吃多少量？,2
这不是骗钱吗,2
那我花了9.9，就得到这个答案吗？,2
我昨天测的，阳性，一直在发热，能配阿兹夫定吗？,2
请问，新生儿转院出去，需要什么手续？,2
38度半需要吊针吗,2
就是经期后的2到5天吗,2
请问体检忘记带身份证了可以用电子身份证吗,2
是因为肥胖问题吗,2
医生您好，宝宝反复高烧之后低烧完全退烧后出疹子需要处理吗？,2
总院在哪里？,2
周五输卵管造影可以做吗？,2
能一天完成吗？,2
你好，我想问一下，做输卵管造影分时间嘛？,2
小孩特别咳嗽，应该是急性支气管炎，这些药可以一起吃吗,2
方医生要是转氨酶高正常了就不用吃了吗,2
我现在有脂肪肝我现在吃护肝片和水飞蓟葛根丹参片一起吃行吗,2
吃氨基酸奶粉都会便便颜色变黄绿色或者直接是沥青色吗？,2
是这种吗？,2
你好，请问9价的99元包什么时候上新？,2
排石要插管进去吗,2
您告诉我下放疗后的注意事项可以吗,2
怎么会查不到呢？,2
你好，请问打耳洞挂哪个科室呢,2
孩子阳了，这两天咳得厉害，可以吃什么药？,2
这样大的疤痕打针已经没有什么用了是吗,2
我挂急诊科可以吗？,2
我这是皮肤灼伤喔，挂骨外科？,2
这个可以在禅医处理吗？,2
我现在回来禅城了，可以带上这些药去禅医换药吗？,2
我现在回来禅城了，可以带上这些药去禅医换药吗？,2
没看懂啥意思，需要在去检查还是指目前好好休息就可以呢？,2
急诊下午去到就可以看是吗？,2
那我下午直接去看急诊也可以是吗？,2
呼吸内科没有今天的号呢？,2
这不是看高血压吗？,2
这个也可以吗？,2
还有其他科室可以看吗？没有2:30的号了？,2
眼科今天上班吗,2
这个严重吗,2
佛山地铁有免费的吗,2
可以打电话问一下吗,2
请问医院能预约做液氮冷冻祛扁平疣吗？,2
确定怀孕也是看妇科吗,2
你觉得是鼻炎吗,2
啊，那可以用些药吗,2
那是感冒用药吗,2
小腹是肚脐以下吗？,2
可以发顺丰的吗,2
这个怎么办呢？,2
吃什么药呀？,2
慢性阴道炎需要什么药呀？,2
您这里不能开中药么？,2
您好，我们之前预约了NT b超的时间，请问可以修改时间吗,2
家人新冠阳性，有奈玛特韦吗,2
哪里能买到？,2
正常后是可以自然怀孕的对吗,2
服完药复查正常可以了吗？,2
要去检查一下输精管狭窄曲张吗,2
通常都是吃一个月的药才有明显的提升吗？,2
那到时候我吃完这个月药就复查吗,2
期间有要注意的事项吗,2
还有什么不能吃的吗,2
你可以一次性开一个月的吗,2
这些药是中成药还是西药来的？,2
怎么调理？,2
如果正常了停药还会降低吗,2
还有什么需要注意吗,2
还是得出去吗？,2
这样子是不是就没有堵塞？,2
是为什么核对不了的？,2
那怎么办？,2
是这个吗,2
有住院史的人可以办理卡吗？,2
他这样一直发烧，我也好担心呢，要不要去医院打吊针呢？,2
我4号过去的话，什么时候可以出院呢？,2
4号可以过去吗？,2
那就是应该单纯的喉咙痛引起发烧咯？,2
要吃什么药？,2
不就是这个吗,2
可以改12号下午吗？,2
到了去哪里，找谁？,2
就诊二维码怎么上传？,2
好，做完之后身体会有明显不适吗？,2
是否不能改时间啦？,2
这…我以为要很久才能约到呢,2
啊，怎么这么突然，明天有事请不了假[捂脸]下周呢,2
血管造影不是治疗，只是确认瘤体是吗？,2
是做手术吗,2
好的，需要带ct原图吗？,2
微创还是开卢呢？,2
可以喝布洛芬缓释胶囊吗？,2
要不要配点蒲地蓝口服液消炎呢？,2
吃什么药呢,2
谢谢你医生，要怎么调整呢？,2
取了环需要注意什么吗,2
有中医吗,2
不知道是不是邮寄到家？,2
那乳酸脱氢酶的问题？,2
血液、尿液百草枯定量检测，这个可以检测吗？,2
我的脚突然间就开始痛了，怎么回事？,2
咨询最多报多少支吗？,2
利妥昔是不是最多只能报30支？,2
亲，在不在？,2
饮食上怎么注意呢,2
怎么样才算需要去就医呢,2
属于正常吗,2
现在是没有号可以约？,2
是哪个，约还是直接去？,2
自己可以买点药吃吗,2
会转染吗,2
属于急性胃炎吗,2
怎么拿号啊？现在过去？,2
就是说要专门挂那个科室，再去做才行？,2
会否做的？,2
想问问4号过去看的是什么科的？,2
我打了2剂灭活疫苗可以打复必泰吗？,2
去接种复必泰疫苗时会排很久的队吗？,2
是什么意思呢,2
免疫力下降吗,2
如果病毒性感冒好了 指数会回归正常吗,2
是怎么个流程？,2
有什么问题都可以问吗,2
黑眼圈及毛孔粗大用什么能解决呢,2
那到哪里买？,2
中医调理体质的医生呢,2
那现在能用什么药吗？,2
那如果测了没怀孕，是现在开始吃吗？还是等血停了？拿药方便吗,2
我不确定我现在的是撤退性出血还是月经呢,2
3.我吃优思明还是优思悦更好？,2
4.药物可以直接寄送吗？,2
12号早上照可以吗,2
具体什么规定？,2
法规名称是什么？,2
医生，我想问问，我有什么忌口吗？,2
好的，那请问下周六可以吗,2
另外，请问你上面发的过敏源筛查，是抽血吗,2
肾结石疼到不行，可以今天过来做手术吗？,2
那里咨询呢？,2
现在咨询有人接吗？,2
不知道大概金额多少呢,2
外面买的益生菌可以吗,2
益生菌吃完了，再去开吗,2
湿疹要怎么处理？,2
是不让卖了吗,2
颞叶受压会怎样的？,2
头胀头痛会跟鼻炎有关吗？,2
平时有什么需要注意的地方吗？,2
能直接给我抓药邮寄吗,2
家里有安儿宁颗粒，小柴胡颗粒。要吃吗,2
38度以上，再考虑吃感冒药，可以吗,2
医生，17个月宝宝流鼻涕1天，需要吃感冒药吗,2
再观察两天呗？,2
具体的是什么药？,2
你们这里可以网购吗？,2
这个是处方药吗？,2
除了小分子药，还有什么药可以用吗？,2
那么，要到哪里，才能开到小分子的新冠药？,2
挂不了号吗,2
可以提前吗,2
看得清吗,2
九价第二针有吗,2
还有刚才翻身的时候右下腹有点拉扯痛有没有事？,2
意思是现在不贫血了吗,2
帆状胎盘后期宝宝吸收营养会比较差吗,2
血常规里面可以看到血糖不高吗,2
你们也是石湾医院？,2
邮寄你需要我地址么？,2
邮寄在哪里填？,2
己填写好了！是否这样就行了？,2
在哪里填写？,2
是别人实际操作，对吗,2
你好我想问一下 佛山复星禅城医院那边有祛疤了吗？,2
家里只有美林婴幼儿版本 他没喝奶 可以喝退烧药吗,2
直接喂嘴里吗,2
直接为嘴里，然后喝水吗？,2
怎么还是不行的？,2
请问这边是24小时的吗,2
在那里取消之前的订单的？,2
原来个订单怎么为？,2
我选了城南怎么变了的呢,2
问一下。女的40多岁掉一块块的头发  搞中药吃得行吗？,2
是中医吗？,2
人还会有点晕，是因为拉太多了吗,2
手机上操作不了，必须去窗口？,2
充值剩余的费用可以退回吗,2
问一下能配小分子要吗,2
这个是专门看湿疹的 开中医吗,2
你好，请问我需要吃什么药保胎吗,2
哦哦哦，所以我现在就是孕酮太低可能保不住是吗,2
最近有需要注意的事项吗,2
多喝水吗,2
那会是什么原因？,2
直接去医药房拿药吗？,2
复兴都没货啊？,2
京东健康可以买吗？,2
会导致血压高心跳过快吗？,2
会有副作用吗,2
其他的就是不倒完，一小只倒一半吗,2
可以4种一起下吗,2
医生，我想问下你这个做雾化是一次下1支，一次下4种吗,2
这个是不是也可以帮助判断呢,2
需要再做检测还是？,2
那如果要完全放心的话，您有什么建议吗,2
请问还有感染的风险吗,2
验孕棒也可以吗,2
复必泰疫苗多少钱？,2
不可以吗,2
什么问题呢,2
好的，谢谢医生，用完药如果没有不适还需要复查吗,2
滴的那一周是要每天都滴吗？？一天滴多少次？？,2
需要吃什么药吗？,2
可以喝小柴胡颗粒吗,2
现孕27周了，请问28周开始需要用药吗？,2
好的，维生素b2是哪种？,2
可以吃甲流那个药吗,2
会把肾吃坏吗,2
是细菌感染吗,2
半个月前的还有效吗？,2
哦，这样，这个是要去总院做的吧？,2
这个是可以刷医保卡的吗？,2
好的，多少钱？,2
做胃镜不难受的吧？,2
没开单，就是今天看医生算急诊吗,2
你们没有吗？,2
你这是西医还是中医？,2
怎么改善呢,2
是什么样的痰湿呢？,2
能治本吗,2
禅医有针炙？,2
是按摩吗,2
没有补钙，买哪种钙？这里能开吗？,2
三天拉一次正常吗？,2
宝宝今天上午拔牙后开始发烧，想问下她开头孢可以继续吃吗？,2
发烧是不是正常的？头孢可以继续吃吗？其他退烧药可以吃吗,2
还有什么需要注意的吗,2
那今天的药已煲好，还剩半副，可否单独煲30克混在一起喝呢,2
热淋清可以换成片吗,2
还有这个头孢不是抗生素嘛 不是最好不吃了吗,2
有必要吗？,2
哪里可以买到，或者有 必要买吗？,2
挂哪个科室呢,2
地址北京，能今天送到吗,2
有其他替代的药品吗,2
你们系统问题？,2
好的，可以喝点益母草嘛？,2
刚做完HPV跟ctc检查第二天可以进行阴道冲洗上药吗？,2
只吃莲花清瘟一种就可以了吗,2
耍是发烧39度呢,2
刚才39度吃了999冲剂，现在还能吃布洛芬吗,2
物理降温是用白酒擦擦吗,2
家里有这个可以吗,2
这是干什么的？,2
这个药有吗,2
我这样子肚子难受的不行可以吃吗,2
可以吃东西吗,2
这个孕周不是按照末次月经推算吗,2
好的，我是只输一次吗？,2
皮肤科有美容的？今日有的开？,2
她这个应该还只是结晶不是结石吧，能自己排掉吗,2
那停掉可以自愈吗,2
我尿上压了管，拉上压了要挂哪个？,2
那为何不取消不退费？,2
录一段说不出话的声音？,2
没有一个人可以解决呢,2
每一个人可以解决呢,2
可以先帮我退了吗,2
舌头刺激性疼痛挂什么科？,2
舌头刺激性疼痛挂什么科？,2
是 能说什么科吗？,2
需要住院的吗,2
下次肝功和血常规也要验吗？,2
你们早上几点上班？,2
关系证明怎么证明，出生证或者户口本都可以吗,2
委托书有魔板吗,2
片数只有30，60，90选择吗,2
小朋友没有身份证社保卡可以吗,2
王大夫？能看清吗？,2
你看我在需要作CT吗？,2
你看的肺节节严重吗？,2
肺节节要紧不？,2
到期可以续吗？,2
5年，或者10年到期，可以续保吗？,2
感冒挂哪个科？,2
出疹能推拿吗,2
无痛肠镜是全身打麻药吗,2
化验大便可以看出来吗,2
肠镜检查之前，需要喝水排空肠子内的东西吗,2
复必泰二价疫苗打完会不会不舒服？是否会影响第二天坐飞机？,2
没有了。谢谢您？,2
吃什么药？,2
五一出去玩回来阳了怎么办？,2
能给开点药吗,2
当天看当天能做吗,2
核实什么呢,2
请问儿科洗鼻子的今天有开诊吗？,2
一定要按时按点吃吗,2
如果停药，它会自己止血吗,2
今晚开始8点吃吗,2
现在又要吃2颗吗,2
胃镜不是周六也可以做吗,2
你好，时间确认了吗,2
请问总院有儿童鼻科吗,2
中医有看耳鼻科的吗,2
你好，禅城医院能拔智齿吗？？,2
什么是活血的？,2
请问继续吃吗,2
订单什么时候发货？,2
小孩夜里咳嗽怎么办？,2
之前也在你们这里买过一次，现在在哪里可以买到呢？,2
B超无异常，吃短效避孕药这个是激素药调经用吗？,2
7个月做第二次宫腔镜有什么危害吗？,2
可是我现在如果没有高烧能到急诊看吗,2
你们什么时候意思？,2
我发给我先生让他约行吗？,2
不是3个月内绝对安全期吗？,2
为什么呢,2
那个医生是专科脱发？,2
脱发是看那个科？,2
这是禅城中心医院吗？,2
查过敏源就是抽血是吗,2
请问如何查过敏源呢,2
只能线下买了吗,2
同城快递去你们前台取是吗,2
那你们医院地址可以发我下吗,2
我想问一下甲状腺舌管囊肿应该挂什么科？,2
可以洗澡吗,2
可以涂药吗,2
可以按感冒药开方吗,2
血常规线上开不了吗？,2
能否来一个血常规？,2
请问是去白玉楼那边就诊吗,2
我想挂朱巧玲医生的号，请问她星期几出诊呢,2
是肠道引起出血还是肛门出血呢,2
病情：在转肽敏舒，请问大便有没有问题呢？,2
在小程序里面能找到是吗？,2
请问怎么填呢？,2
是怎样一个流程？,2
在一号楼四楼中医康复门诊开足底贴的话，可以快递到家吗,2
皮肤科是在哪里呢？,2
是不是挂皮肤科？,2
一个月就1号跟15号是吗,2
你好，请问有五联针的狂犬疫苗接种吗？,2
请问女性尿路感染，挂什么科？,2
下班了也可以检测吗,2
检验科也是上班的？,2
呼吸道合苞病毒检测，现在医院下班了能检测吗,2
这个孕酮多少算正常？,2
这种双肾盂就算是重复肾，左侧2个肾的意思吗,2
想测一下近视度数，挂什么科？,2
今天没有抢9价吗,2
这个结果怎么样？,2
如果是心肌供血不足要注意些什么？,2
庄医生一般吃多少个周期的啊？,2
就是我排卵试纸有强阳是不用测造影是吗？,2
那我们需要过来复诊比较好吗,2
今日有上班吗,2
好的 哪个价位是普通病房的呢,2
有产科私人医生微信号吗,2
这算是腹泻吗,2
怎么判断是不是腹胀呢,2
这些会有问题吗,2
你好，还在吗,2
还需要做什么吗,2
哦哦，那不打可以吗,2
如果买药还要带以前的病历本吗,2
我喝了两包半板蓝根能行吗？,2
红糖姜水行不行？,2
鱼可以吃吗,2
不知道药店有吗,2
哦，自测两条杠了，麻烦问一下哪儿可以开到药？,2
包括胸透吗,2
证件可以文字列一下吗,2
这是做些什么体验？,2
九价第二针什么时候还能抢呢,2
鸭可以吃吗,2
你可以在潘村社区开吗？,2
一包还是半包？,2
氯雷他定可以吗,2
城南社区服务中心吗,2
包括检查费吗,2
请问能开中药吗？,2
调一下药量，不是在备孕吗,2
会不会支原体有问题呢,2
在日常护理、饮食、照顾中有什么需要注意或者多关注的吗？,2
雾化机这种可以吗,2
加丙丁吗,2
有什么办法可以化一下痰吗,2
之前打过一次3价的，现在还可以打吗,2
想咨询一下4岁宝宝咳嗽 流鼻涕 有痰 可以吃这些药吗,2
不知叫签名吗？,2
白玉兰楼那边是吗,2
还要去1号楼吗,2
是这个吗,2
给手机看就诊卡二维码就是了？,2
我直接到是不是，不用再办理其他的？,2
不是专科治肠胃的？,2
病案室在哪里呢,2
是癌症了吗？,2
就是这个诊断结果说明是什么问题？,2
病情严重吗？,2
不是吧，很多不达标还中等，但是很久都不怀孕哦，要怎么办？,2
还能用沐浴露吗？还是用清水洗？,2
现在她这个月龄和体重一次要吃多少？,2
可以用什么药吗？,2
我中午时发起在线问诊，为什么现在还是待诊状态的？,2
开个P药有吗？,2
我想问下周日可以照b超的吗？,2
两个都可以做是吗？,2
抽血检验周日也可以吧？,2
挂科的话，也是挂急科吗,2
单开贫血药没有吗,2
方医生你好！我在你那买的深海鱼油怎么还未到的？,2
好多天了怎么鱼油还未到？怎么回事的？,2
添加孩子的就诊卡怎么弄呢,2
还是用我的号码？,2
这里能买抗病口服液吗,2
前两天雾化过两天，雾化完了，还需要雾化吗,2
可以开吗,2
需要怎样操作呢,2
就做个尿检对吗,2
请问今天心理课哪个医生坐诊？,2
购买尊享卡后，我在线上挂号选时间，会显示无需挂号费对吗？,2
舌系带过长到了舌尖处了，孩子五个月了，现在可以剪吗？,2
月经过4天可以上铜环吗,2
你们不是有提醒的吗,2
请问我小孩下次的脱敏针是什么时候打？,2
雾化药还是用布地奈德和生理盐水吗,2
还需要用异丙托溴铵吗,2
除了金振和雾化，还需要搭配其他药吗？,2
那第三针是什么时候打呢,2
是按第一针后的第六个月吗,2
康复医学科门诊还是直接针灸科就可以的？,2
三个月才复查吗,2
然后我需要复检吗,2
请问会是什么原因造成呢,2
那怎么办呢？,2
有什么好的药吗？,2
可以的吗,2
不好意思打扰了有些问题想问一下，我用语音说可以吗？,2
我是否需要做一下肝胆胰脾彩超呢,2
我没有测心率呢,2
被小猫的牙齿划到一个红印 一会就消下去了 这样有问题吗,2
不知道看儿科还是皮肤科？,2
滤泡是什么来的吗,2
好的~周末也可以查的是吗,2
挂耳鼻咽喉挂可以吗,2
需要怎么戒口呢,2
那要是直接给他断母乳喝氨基酸奶粉可以吗,2
那我母乳戒口，加氨基酸奶粉，这样可以吗,2
继续母乳的话，我需要戒口吗,2
所以医生，看他的大便确实是有问题的是吗,2
呼吸道感染，也是病毒感染吗,2
请问你们医院休检的时间几点到几点的呢,2
还是直接去到医院打开二维码扫码呢,2
可以刷医保卡的钱结算吗,2
这些要验哪些项目呢,2
要不你截图可以吗,2
是否可以协助办签注？,2
可以帮忙激活卡吗,2
今天可以做核酸吗,2
请问被猫抓了请问挂哪个科室呢？,2
请问星期日可以做小儿推拿吗,2
麻烦能开自测盒吗,2
好的。其它药品我还继续以前的剂量吃呗？,2
请问怀孕38天能做人流或药流吗,2
请问你几点下班？,2
今天下午直接去找你吗？,2
会查肿瘤  肠胃那些吗,2
您这边有这个药开吗？,2
然后刚给她清理鼻屎 后面卷出来了这个黄色鼻涕请问正常吗,2
何生是卖这个奶粉的吗,2
适度水解奶粉还是深度水解奶粉还是氨基酸奶粉呢,2
好 主要现在已经回奶了 还是打算奶粉 应该选哪种奶粉呢,2
或者需要给宝宝面部涂加强保湿之类的面霜吗,2
18岁孩子适宜服避孕药吗,2
宝宝白天体温36.5，晚上体温35℃，这样正常吗？,2
可以在线开单拆导尿管吗？,2
打多字不行的吗,2
要和这个药一起吃吗,2
是不是过敏性咳嗽？,2
线上不能开是吗？,2
您可以看看我还需要吃什么药吗,2
你好我想问一下，身上长很多这种红色的块块是啥呀？,2
今天有开诊吗,2
要复查鼻炎吗,2
我想问问挂号预约 只能用内地身份证吗？,2
有没有奥斯他维？,2
你们的诊所是塘头那边吗,2
要去了才知道吗,2
开单时间？,2
需要提前去开单吗？还是可以周六早上直接去？,2
早上几点开始营业？,2
血常规包含血糖血脂吗？,2
请问有没有办法开公司抬头的发票呢,2
是发这个吧？,2
您这边还能开到新冠的要吗,2
有阿滋夫定吗,2
医生，是就吃这个止痛药，全部吃完吗,2
那现在是要吃什么药呢,2
家医不了解？,2
那你们的建议？,2
能看看啥规定不？,2
意思是动物内脏少吃吗？,2
这个 是确认怀孕了吗,2
孕酮正常吗,2
可以看结果吗,2
今天没有了吗？,2
这样正常吗,2
两周可以吗,2
还是说延迟一周再看牙呢,2
这样渗血是正常的吗,2
想问下应该挂什么科的号看呢,2
哦，是心理方面的原因吗,2
心理科会配合用药还是主要心理辅导呢,2
今天不知道能不能挂上号呢,2
是挂这哪个科呢,2
不一样的吗,2
做彩超是挂外科吗,2
彩超大约要多少钱呢,2
甲状腺外科？,2
淋巴结大，是挂甲状腺的吧？,2
做彩超挂什么科？,2
奈玛特韦片/利托那韦片有吗？,2
奈玛特韦片有吗？,2
结合这个B超，我应该没有什么问题吧？,2
和那个发票吗,2
这个可以打出来电子病历吗,2
那我到时候找他复查开病历吗？,2
预防保健科哪个？,2
抗病毒是什么药呢？,2
适度水解奶粉吃哪款比较好？要吃多久？,2
莫匹罗星吗,2
想问下，除了自己，可以为家人咨询吗？,2
新冠和甲流不是同一个抗原？,2
阿莫西林可以吃吗？,2
挂什么号？,2
一星期了还痛呢,2
你好，我想问下上星期打完球以后臀部疼痛是什么原因呢,2
真的假的？,2
邮寄就是线上付费就可以吗,2
可以用我的一起开吗,2
饮食上有什么要注意的吗,2
有医生介绍吗？,2
那正常值是小于4单位吗,2
请问这个碳13结果是正常吗,2
这机执行记录能外传吗？,2
你是不是时间到了还没看完？,2
是什么问题呀？,2
请问头摔破了，缝针了，有什么需要忌口的吗？,2
请问能吃酱油吗？,2
那你什么都没给我看，我能申请退款吗,2
那能干什么？,2
3号可以开出来吗？,2
好怎样付钱。我能否加您微信？,2
我可以用牛黄安宫丸吗,2
下班后中药还能拿？,2
这个是息肉吗,2
有什么口服药吗,2
囊肿要怎么消除呢？可以通过自然方法消除吗,2
眼科医生联系方式？,2
阿夫滋定，你们还能开一瓶吗,2
是不是没有上厕所？,2
那怎么说这样子的呢,2
这个是什么东西呀？,2
有什么问题吗,2
那个 酶呢,2
有人工吗,2
怎么处理比较好呢？,2
这是荨麻疹吗？,2
医生还想问问这个有什么危害？,2
好的，那她这个指标会很高吗？,2
是吃肉吃的太多吗？,2
是因为生活还是什么引起的？,2
这几种有吗？,2
亲子鉴定准确吗,2
准确率100％吗,2
早产儿住新生儿科会被医生抱错吗？,2
没有，要怎样选啊？,2
2号开始鼠李糖益生菌没有吃，要继续吃吗？,2
37.9度，能否吃对乙酰氨基酚？,2
好的，是38.5以上才能吃的是吗？,2
请问是这种吗？服用量多少呢？,2
什么原因引起的呢,2
回家了呢,2
尿酸和肌酐在正常值吗,2
恢复期需要多久呢,2
能做核磁共振吗？,2
算发烧吗？,2
可以看急诊吗？,2
没有大便  可以吃排骨这些饭吗,2
蚕豆病宝宝可以用这个药吗,2
你好，这个点有儿科急诊看吗,2
现在有儿科看吗,2
7个月的婴儿发烧39度，现在是要挂急诊科吗,2
儿科急诊是吗,2
散结镇痛胶囊有要忌口的吗,2
请问还没可以吗！？,2
能吃阿支夫定吗,2
奥斯为他呢,2
那么多吗,2
可以开吗？,2
这里不能开吗？,2
想问一下可以给家里长辈开尤比乐胰岛素25吗？,2
有没有入职体检？,2
另外宫颈癌九价预防针医院可以打吗？,2
可以用社保卡付钱吗？,2
是我社保卡里有钱，去医院刷卡付费可以吗？,2
这是37?6做的b超，会偏小吗,2
你好，可以改邮寄吗？,2
我想问下，地特胰岛素需要医生开单才能购买吗,2
哪里可以查到吗？,2
这边能直接开单吗？,2
那我还能吃燕窝么？燕窝是氨基酸还是过敏蛋白呢,2
对了，破溃的伤口可以用百多邦尽快痊愈么？,2
急诊有没有开这药的权限呢？,2
我们5月2日就要离开香港了，那怎么办呢,2
可以帮我开个单吗,2
该用什么药？,2
伊伐布雷定有什么副作用吗？,2
伊伐布雷定有什么副作用吗？,2
瑜伽有用？,2
直接就有推送？还是要登记？,2
请问有停车收费标准吗,2
这个有什么问题吗？,2
我帮女朋友问可以吗,2
没有性行为会怀孕吗,2
我想知道你们医今天有B超照吗？,2
8点开门吗？,2
可以线上开单直接去照吗？,2
相隔12小时左右能不能吃多一次降压药呢,2
有什么可以缓解下吗,2
请问要挂哪一个科室？,2
请问查胰腺问题应该挂什么科？,2
米汤水怎么煮？像煮粥一样，多放水喝水吗？,2
请问孕妇喉咙痛，能吃什么缓解一下吗？,2
不用做支具矫正吗,2
还是中间1-6号的时间都可以约？,2
上面的4月30号、5月7号是只有这两天的时间吗,2
你好，请问2岁的宝宝，现在有流鼻涕，是否可以去打预防针？,2
总院有吗？,2
请问现在哪里可以接种咨询？,2
第四针一般怎么建议？,2
有没有第四针加强可以打？,2
医生们好，请问有没有新冠疫苗第四针可以打？,2
没有监测过排卵，需要到医院监测吗？,2
月经的第十天过去对吗,2
平时需要注意什么吗,2
想请问一下高端儿保特需号和普通门诊有什么区别？,2
高端就是vip吗？,2
一天一次，一次5粒吗？,2
头孢？大量什么用量 半片？,2
上午已经没有号了吗,2
可以冰敷吗,2
淋巴细胞多不是病毒吗,2
嗯  好的  孩子眼睛这么严重  会好的吗,2
这个啥意思，布洛芬间隔半个小时就可以？,2
现在会流鼻涕，流眼泪呢,2
需要注意什么？,2
看心内科，住院治疗是吗,2
会不会呛到？,2
看那个专科合适？,2
不需要把之前的结果给医生先看一下吗？,2
还有需要检查一下甲状腺，是挂什么科？,2
挂哪个科室？,2
是需要做穿刺还是彩超？,2
只能一个人用是吗？,2
那平时没有什么要注意的吗,2
属于正常吗,2
这个有问题吗,2
需要带哪些证件呢？,2
小孩他老是挠，怎么回事呢,2
这是怎么才会起的呢,2
好，还想问问就是平时除了母乳喂养，还需要另外喂点温水吗？,2
那就是那个疱疹，是吗,2
有没有挂内科的号？,2
你好 请问 有点犯恶心 拉肚子（拉水一样）可以挂什么科？,2
还是看中医好？,2
就是现在买新冠药都要去医院开么？,2
我只开了半个月吃完要查肝功能吗,2
产后一个月还偶尔有褐色恶露，正常吗？需怎么处理吗？,2
想做甲状腺的b超，这里可以开单吗？,2
是不用管的？一直存在的？,2
病情：早上起来，宝宝眼角红了，需要滴眼药水吗,2
宝宝也可以用吗,2
那要滴眼药水吗,2
药房药剂师说不可以用？,2
郭医生，需要调整药物剂量吗？,2
好的，之后是不是还要复查？,2
就是1片加1/2片对吗？,2
那我先下线吗？,2
可以用社保卡吗？,2
药是送过来，还是自己去药店买？,2
什么方式付款？,2
可以用社保卡吗？,2
其它的不用，对吗？,2
澳米拉唑，不用吗？,2
甲泼尼龙进口的有吗,2
这个药不能卖了吗,2
随便一个中医就可以了吗？,2
下午好，九价疫苗什么时候更新门诊二维码预约打第一针？,2
星期日有得照B超吗？,2
我想问一下，明天星期六，产妇可以做B超吗？,2
能否开单我放假期间可以去做呢？,2
那医生，这个严重吗？可以开药后自己微信付费取药吗？,2
那天早上入院前吃了早餐，隔了四个钟抽血验的，准不准？,2
可以这么理解吗,2
我想问下，一岁半宝宝流鼻血，是上火吗,2
那吃什么药好？,2
陈医生：下午好！胃不好可以吃这个药吗？,2
牛羊肉呢,2
医院挂号挂男科生殖科对吗,2
血红蛋白108，需要复查吗,2
血红蛋白108，需要复查吗,2
不记得诊疗卡号能绑定公众号吗,2
你好 退款成功之后三个工作日内会到账吗,2
5.1有没有放假还是正常上班呢,2
儿童评估区有医生在上班吗？,2
广东省中医院怎么样？,2
小柴胡和布洛芬能一起用？,2
那是什么？,2
那您能查到线下南京哪个医院有？,2
现在去吗,2
现在有儿科医生吗,2
如果其他问题，还会伴有其他不适吗,2
多数是的？,2
内科？内科更准确吗,2
好像体检检查肛门也是外科……内科给看痔疮吗,2
是先吃完全部您开的药才去复诊呢？还是这1-2天就去呢？,2
要住院半个月？,2
我移植第二天开始总感觉下腹辣辣的，是用药的原因吗,2
是我的网络问题吗,2
为什么这么久都没有审核完成？,2
哺乳期可以吃扑尔敏是吗？,2
鼻炎犯了可以用什么药吗？,2
这种可以吗,2
发酵乳也可以吗,2
益力多呢,2
不是补钙的吗,2
那个上面能买吗,2
穿短袖也会在那个地方长湿疹的吗,2
还没有呢,2
热痱（尤其是宝宝屁股位置）涂什么比较快好？,2
BB拉屎 如果吃含铁量高的，是不是会有黑色一丝丝的？,2
订单什么时候发货？,2
雾化有个一天一次的是正确的吗,2
我需要另外买喷喉的给他吗？,2
你好，请问现在周日乳腺科门诊能照乳腺B超吗,2
如果有腰椎间盘突出的话，也会容易引起颈椎病吗？,2
如果得了颈椎病的话，是挂骨科吗？,2
三级，睡觉容易落枕，这个也是颈椎病吗？,2
长时间久坐，会引起颈椎病吗？,2
还有非布司他？继续每天半粒吗,2
可以加号吗？,2
问啥啥没有，要啥啥没有。怎么弄？,2
是平台的规定还是食药监、卫健委的规定？,2
相关规定是什么？,2
是没有药？还是有药不让卖？,2
有这个不？,2
个人病历怎么查看？,2
您建议我们怎么操作好呢？,2
就只能是5.7号吗？,2
请问哪里看订单编号？,2
是远路返回退款是吗？,2
看看是这个吗？,2
那能5.8号吗？,2
好的，谢谢您，您知道还有别的渠道吗？,2
是说这个平台都开不出来吗？,2
你看看有没有？,2
需要排队等候吗？,2
你好，想验个尿常规，挂什么号？,2
可以怎么处理吗,2
请问手这么红是肝火盛吗,2
西瓜霜粉剂吗,2
那今天还可以约吗,2
体检中心也是吗,2
我约了下午的，也可以吗,2
早上能吃早餐吗,2
怎么引起的呢,2
请问是否做了pet-ct就可以直接确诊，出治疗方案了？,2
今天有九价的名额吗？,2
11点算熬夜？,2
吃到不流鼻涕为止？,2
还吃感冒灵？,2
医生你好，我想问下这个血小板积压有点高有问题吗,2
那这个严重吗,2
来瑞特伟片有吗,2
新冠？还是甲流？,2
挂什么科呢,2
没关系的吗,2
貌似甲状腺有什么问题吗？,2
是抽血的时候需要吗？,2
请问是湿疹吗,2
去那结算？,2
最早的是几号？,2
有价格吗,2
那个磁共振要白天才能做吗,2
结痂的伤口能碰水吗,2
我的意思是还有其他类新冠药物吗？,2
可以注销吗？,2
脚小拇指肿痛，挂什么科室？,2
脾胀痛，请问看什么科呢,2
分两次喝吗？,2
什么药呢,2
有没有拓资？,2
乌司奴进医保什么价格？,2
那个拓资有吗？,2
好的，谢谢，是否在您这边继续开头孢的药呢？,2
请问是可以排除新冠原因吧？,2
现吃一片，是再加一片吗,2
就是平时注意饮食跟运动是吗,2
那我还需要去泌尿内科去复查一下吗,2
江湾站能做吗,2
这些疾病严重吗？,2
那这种温度潜在什么问题吗？需要怎么处理呢,2
有在你们医院就诊，你这边能查到记录吗,2
请问10岁儿童一周处于37.1～37.3度是什么情况呢？,2
请问10岁儿童一周处于37.1～37.3度是什么情况呢？,2
请问感染过新冠后，要等多久才能去打二价疫苗的呢？,2
请问感染过新冠后，要等多久才能去打二价疫苗的呢？,2
可以写一下具体的药物名称吗,2
他没有就诊二维码 怎么弄呢,2
是这个吗？,2
胃肠镜我下单了 看到有一个刘医生和我说话 慢科（？,2
请问是两个人是吗,2
我想周二体检基础 周三胃肠镜 你觉得怎么样呢,2
评估要多久呢？,2
噢噢 以后可以在禅医用？,2
请问怎么找呢？,2
就是要怎么做呢？,2
有点头晕呢,2
口腔淋病这个可以检测出来吗,2
那怎么办？,2
我以前家里有一瓶，我怎么吃？,2
没有直班的吗？,2
何浏医生可以吗？,2
邱卓明好还是何浏好呢？,2
那我哪里能买到？,2
好的，但一般出血也是正常的是吗,2
做完白带检查和宫颈筛查之后阴道出血正常吗,2
除非独立使用就可以吗？,2
麻麻的像蚂蚁在爬是肩周炎吗,2
不能买了呀 那现在只能常规用药吗,2
需要开什么药呢,2
您这边可以开吗,2
请问为啥要开这种药呢,2
是他的肝不好呢,2
还是都会凯呢,2
皮肤科随便哪个医生都可以吗,2
你们能洗纹身吗,2
周末可以吗,2
当天就能做吗？,2
要3号以后才能约吗,2
现在氨基酸是要直接换吗？还是要和原来的奶粉慢慢兑开饮？,2
纽康特说是好难喝，会不会拒奶呢？,2
吃了会不会不长肉？,2
还有一个问题就是只喝氨基酸会不会营养跟不上呢,2
好的，那头仔现在红痒意思是除了换奶粉之外不要处理它吗？,2
氨基酸要吃多久呢,2
小孩脸上有疹子，请问去哪个科室？,2
ct看完医生怀疑是新冠。医院没有药。咨询您这有药吗,2
对症的药有吗？,2
请问我昨天下午抽的血，HE4什么时候可以出结果？,2
你好，发烧三天，今天变咳嗽，能吃这个药吗,2
两个没冲突吗,2
5个药一起吃对吗？,2
我想咨询一下 司美格鲁肽注射液，我能使用吗？,2
对了，这个药可以跟川贝枇杷膏一起吃吗？,2
其余的呢？,2
红霉素软膏有没有激素的呀？,2
身份证丢了，可以用电子身份证吗？,2
没有电子版的吗,2
老年人，新冠抗原双杠，能吃阿兹夫定么？,2
没有，患者行动不便，可以网上看诊吗,2
上门留鼻饲胃管，但要上传医嘱，怎么开医嘱？,2
这是病吗,2
你这边可以开吗,2
现在抗病毒药短缺吗,2
那怎么办？,2
现在能开吗,2
怎么回事？,2
你那里有纽康特氨基酸奶粉卖吗？,2
点不了下一步的？,2
有瑞辉的新冠药买吗,2
饶虫是啥？,2
你好，今天在吗？,2
还以为两个一样呢,2
上面有什么不同吗,2
下面可以天天使用吗,2
那挂哪个科合适？,2
精神科在哪儿？,2
周一到周日吗,2
体检中心上班时间为几点呢？,2
这些已经有了的斑  要怎么办呢,2
用祛斑产品有用吗,2
这是什么呢,2
弄到二维码之后呢,2
今天有上班吗,2
你好 是要等下午2点上班吗,2
今天会放名额吗,2
你好，在贵院打了九价第一针，打二三针要抢吗？,2
不用专门选城南吗,2
请问好了吗,2
为什么会这样呢,2
是的，第二针有开放吗,2
九价第二针有开放吗,2
你好，我想改个时间段可以不？,2
现在过去大概11点左右到，能看不？,2
我的正畸用的橡皮圈不见了。能开一包给我吗,2
也就是说，宝宝现在要看发烧必须得去挂这个?100的号是吗？,2
我这张票据可不可以用呀？,2
这个月停药之后，可以备孕了吗,2
你好 医院地址是？,2
你好，你们医院地址是？,2
请问是这种吗,2
好的，药店的制霉素片有没有分儿童用的？,2
今天还能去拿药吗,2
切除的话需要做病例吗,2
还是痒，就去切除是吗,2
要是一直痒，需要切除吗,2
放大看也不像那个黑色素是吗,2
要是切除需要做手术吗,2
就是痒这个是有点危险吗,2
是虽然不像，但是痒的话还是有必要做病理是这个意思吗,2
现在目前来说下一步就是查宫腹腔镜吗？,2
还可以继续吃吗？,2
？请问在吗,2
然后我想问一下那大夫。这个就是风湿，有没有什么忌口啊？,2
用加量吗,2
那个大夫我想挂半个月后挂你那个号，嗯，哪你哪天当班儿啊？,2
这视力严重吗,2
我该怎么缓解这种不良情绪呢,2
我想问一下，这个是心理疾病的预兆吗？,2
那如果不能的话我要另外去其他科挂吗,2
我约上午的话是到十二点之前吗,2
可以直接去吗,2
植发应该挂哪个科室呢,2
在哪里可以看？,2
洗牙多少钱呢？,2
为什么没有库存，之后还会有吗,2
发给你吗,2
以后一直都有这个疤怎么搞？,2
确定会淡还是会没有？,2
我可以找回我今天早上的咨询记录吗？,2
补多长时间钙呢，吃海藻钙液体钙可以吗？,2
医生藻钙藻可以吗？,2
这个是你们的吗,2
现在售价多少？,2
什么原因呢,2
可以，在线上约个时间吗,2
都可以拿到号吗,2
那我需要全剂量补？,2
药店有吗,2
不添加这个可以吗,2
被传染新冠了，目前有治疗办法吗？需报告不？要去医院就疗不？,2
有针对新冠病毒的药开吗？,2
我吃的这个降压药适合我的病情吗？,2
尿酸吃什么药？,2
白天高就白天吃？,2
有具体药厂名字吗,2
请问指标这样需要进一步处理吗,2
不用住院吧？,2
你们有Paxlovid吗？,2
你说的全部放一起煮汤吗,2
那或者我可以减去下午那顿奶改喝汤可以吗,2
好的 就是这个汤代替下午那顿奶也可以对吗,2
那我先试一下半个小时喝一下水先看看怎么样，怎么样？,2
现在大概是几周？,2
大概什么时候可以查宫内宫外？,2
还需要复查吗？,2
保守治疗只能减轻疼痛不能根治？,2
做手术的话会有复发的可能性吗,2
她是有腐蚀性的吗,2
眼科医生吗,2
需要去三甲眼科看吗,2
这个药有副作用吗,2
你那边医生资质和设备可以吗,2
还有乙肝表面抗原可以转阴吗？,2
买这种药吃可以吗,2
奶粉不喝 昨天晚上给我儿子喝的旺仔，粥也不爱喝 能吃水果吗,2
现在吃的有三种药 还可以吃养胃的药吗,2
治疗白癜风的紫外线照光需要挂号让医生开单吗？,2
这样可以放大吗,2
不是去泌尿科吗,2
你好，能帮忙看一下吗,2
潜血2+严重吗,2
皮脂腺涂皮炎平止痒可以吗,2
请问 我们医院可以提供  心理健康测试吗？,2
建议继续吃什么好一些？,2
可以吃吗,2
上面那个复合维生素不能吃吗,2
可以改善吗？,2
下班了吗？,2
我现在脚踝功能不好，可以改善吗？,2
现在17周还需要吃叶酸吗？,2
这样就行了是吗？,2
那可以吃吗？还是必须要停呀？,2
可以晚上煲好喝一次 剩下一次明天早上加热再喝可以吗,2
你见过此病历吗？,2
要综合会诊吗？,2
请你帮我问问好吗？,2
什么时候会提前拿到拉肚子的药？,2
不能早上的时间段做吗？,2
好吧，那么我的胃镜与肠镜是同时间段做吗？,2
支付了，看到了吗,2
4号早上直接过去？,2
就是说，如果后天做，就明天办理入院，要吊针什么的是吗？,2
术完要绑绷带吗？,2
你看看可以吃吗,2
医生开了盐酸舍曲林片吃了怎么想吐呢,2
可以直接去取药吗？,2
降压药和速效救心丹都有吗？,2
是这个吗？,2
也可以，现在可以线下直接去取药吗,2
怎么付药费？,2
那有什么药可以调节一下吗,2
我也不知道呢,2
您好，我甲流请问这里有玛巴洛沙韦卖吗,2
禅医不是三甲吗,2
你们石湾大药房拿药需要医生开单吗,2
这禅医这么有趣？,2
城南有吗,2
更年期综合征挂什么科？,2
如果查出感染了就开药吃，吃完再复诊，还要再吹气检查对吗,2
可以开哪些新冠药？,2
好的咧，周日白天也可以打对吧？,2
需要怎么做？,2
好的，所以我看到的和你的是不一样的对吧？,2
牙齿拍ct多少钱？,2
我想咨询一下 产检没有开vip 可是我能挂高端产科的号吗？,2
那我挂了 明天是去高端产科那边排队就诊是吗,2
怎么样才可以看到激活成功？,2
要去看吗,2
她说的那个小囊也是孕囊么？,2
这个正常么？,2
订单什么时候发货？,2
你好，宝宝红屁股，怎么处理？,2
现在我想给她喝点易坦静，能一起喝吗,2
姐姐 可以帮我取消吗,2
你好，可以在这里问您的吗？,2
只是我见付款那里没有显示有报销，所以问下您呢,2
有什么疑问都可以在这里咨询您是吗？,2
那我去哪里买呢,2
有国产新冠药物吗,2
如何預約儿童打預防針？,2
现在纠结是看鼻科还是儿科。？？,2
或者你今天上午的号可以给我加号吗,2
你好，掉头发，看什么科？,2
眼睛痒都是去看眼科吗,2
这次去看眼科吗,2
对了鼻炎会流鼻血吗,2
有什么办法吗,2
什么时候有苗？,2
现在有第二针打吗,2
现在支付了，周末再去提交也可以吗？,2
我要吃什么药物可以暂时克制呢,2
确定没有了吗？,2
现在没了吗？,2
实名认证我还是认证患者？,2
是否有多囊卵巢综合症？,2
怎么挂全身检查？,2
小程序可以查吗,2
有体检中心吗,2
请问今天耳鼻喉科开诊吗,2
公众号会发布信息吗,2
你好，能帮忙联系到儿科王琦医生吗？,2
今天妇科正常上班吗,2
我之前预订挂号的160元怎么取消呢,2
二尖瓣少量反流严重吗,2
如果是怀孕了，出粉色的血是正常的吗,2
你能看到我的病历嘛？,2
吃维生素b6可以吗,2
什么西药？,2
暂时未看到有呢,2
有其他更好的药？,2
医生你上次有给我开拉肚子的药吗,2
是啥原因呢,2
可以吃面包吗,2
胃肠镜有无痛的吗,2
问题大吗,2
请问五一期间可以洗鼻吗,2
核酸挂哪个科？,2
需要注意什么吗,2
还可以用吗,2
是要重新再做一次吗？,2
洗牙怎么收费？,2
洗牙挂哪个科？,2
那我去定点下，你等会可以吗,2
你好，这里可以开B超单吗,2
在手机可以看吗？,2
吃完这个药要隔多久备孕呢,2
那怎么办？,2
洗喷嚏没什么吧？,2
做了节育手术，还能复通吗？,2
医生是几点上班呢,2
还有没出来的吗,2
下午也可以去吗？,2
直接到急诊就可以了是吗？,2
然后在这边也还能直接打吗,2
少开点水可以吗？,2
需要雾化吗,2
可以了，什么时候可以寄出呢,2
充值要充多少？,2
盒？那会不会很多？一盒不是十几片吗,2
那怎么寄过来呢,2
喂小儿七星茶可以吗？,2
你好！请问灰指甲需要挂什么科？,2
不应该挂产科么，怎么是挂内科？,2
你好，程医生，可以帮忙开一张明天拍骨关节的单吗,2
如何订阅签单？,2
嗳气是什么？,2
皮肤热起来就发痒，是挂什么科室呢,2
你好，可以线上开卡吗？,2
需要买的药吃吗？,2
我想请问下，就是小孩每次吃东西都要掉地上是怎么回事呀？,2
请问可以直接开活性叶酸邮寄的吗？,2
请问叶酸代谢基因这个需要怎么补呢？,2
是吃退烧药吗,2
可以开吗,2
就是我开始发烧开始算，三天后吗？,2
这种一般要拍什么片子，如何收费？,2
输卵管造影当天开单能预约到当天做吗,2
不用单独挂b超是吗,2
怕排队。那这个可以退吗？,2
点了就是您呢,2
那颗空牙什么时候能拔掉呢,2
补牙的话补一个大概多少钱？,2
拔了之后是要种回去还是怎么样呢,2
月底周末您有上班吗？,2
电话号码添加对吗,2
我平时需要注意什么吗,2
做胃肠镜吗,2
当天到时间了，不可以取消，我不去需要理会吗？,2
那是处方药，您能给我开处方吗,2
吃这个药跟我的心脏病没冲突的吧？,2
一天吃几次？一次几颗？,2
好的，有什么忌口的吗,2
你好，经期可以打四价吗,2
请问我现在月经还未完全干净。可以做吗？,2
昨晚有聊过呢,2
您现在在哪儿呢？我去找您可以吗？,2
可以了吗？,2
用不用吃奥司他韦？,2
那我直接去买奥司他韦可以吗？还有其他吗？,2
今天早上的药正常吃对吗,2
好的，医生，头痛那里可以开些药吗？,2
住院部离白玉兰大楼是还有一些距离吗？,2
可以问您网上还可以在哪买吗？,2
嗯，发烧温度是不是不超过38点5度就先按今天开的药来吃？,2
今晚孟鲁司特钠片和酮替芬分散片都可以吃，是吗？,2
好的好的，那奥司他韦颗粒还吃吗？,2
0.1克一片，一瓶100片那种，可不可以的？,2
孩子现吞咽困难，可以吃颗粒吗？15mg一袋的要吃几袋？,2
梁医生，奥司他韦可以和百服宁一起吃的吗？,2
这里  买不到吗？,2
可以来瑞特韦片 预防吗,2
噢噢好的，会是疖肿吗？,2
时间还能提前吗,2
我是小程序预约的，是不是我要去前台报道？？？,2
好的，是不是我要到前台报道？？,2
现在可以转骨科咨询吗,2
开一个星期可以吗？,2
我孩子等下过去罗可以吗？,2
说审核3分钟，等了5分钟都还无法付款，是什么原因呢？,2
你好 新冠咽喉痛怎么缓解呢,2
你好，可以帮病人开点药吗？,2
要开点药吗？,2
这种算是严重吗,2
停靶向药？,2
王医生你好！我同房时间短不到一分钟，有必要去男科医院吗？？,2
家里有消炎止咳片，不知可吃吗,2
这个可吃吗,2
跟苏黄配合吃？,2
潘医生每周只有周六出诊吗？,2
其他工作日出诊吗？,2
那用药方案还需要怎么调整吗？,2
益心舒片吃不吃呢,2
那自己去药店买吗？,2
好的?谢谢以上，是不是要和咽炎的药分开吃？,2
你好 你这边可以退掉吗,2
这个可以退吗,2
分院是在惠景路吗,2
以前不是有吗,2
没有啦吗,2
用验孕棒吗？,2
舌头发麻挂什么科？,2
挂了是不是这样可以？,2
可以，是选任意医生都可以？,2
已排除妊娠，可否给予药物止血？,2
好吧！能开点缓解嗓子疼痛和消炎 退烧的药吗,2
这个低是指确定怀还是？,2
那我一个星期再去做个B超确认吗,2
我这是怀孕了吗？,2
这个要挂风湿科吗,2
你好！骨质增生请问挂什么科？,2
或是其他新冠药 国产的 有吗,2
那上传了你们回通知的吗,2
就是要自己去关注是吗,2
两次不是多次吗,2
请问下啊，二次阳性会对身体有啥伤害吗,2
卡上没有名字？,2
HPV检查是大姨妈干净后三到七天吗,2
你好，请问一下伤口附近的神经有时候出现被针扎一下的感觉呢,2
吃氨基酸奶粉嘴角变红，那应该怎么处理？,2
新冠感染，请问有先诺欣吗,2
手机号吗,2
如果想增加有关婚前备育前的检查，要如何增加？费用如何？,2
抢了这个可以在5.7号前去打吗,2
接种时间可以自己定吗？,2
现在有十三价疫苗吗,6
请问有带状疱疹疫苗可以打吗,6
你好，请问婴儿打脊灰疫苗（免费的那种）需要带户口本吗？,6
好的  会不会是打疫苗后的影响呢,6
宝宝打疫苗挂哪个科？,6
你好，轮状疫苗可以跟脊灰一起打吗,6
会不会影响疫苗？,6
活检低级病变，可以打HPV疫苗吗,6
儿童也可以打疫苗了吗？,6
我昨天下午接种的二价mRNA疫苗，没有发烧，正常吗？,6
我想问一下婴儿打疫苗 喝了中药也是停药一周才能打疫苗吗,6
现在疫苗的价格有什么价选的？,6
你好！现在要接种抗体疫苗吗？,6
公众号没有通知几号有疫苗呢,6
可以查看一下预计几号有疫苗吗？,6
如果我心里担心，去打多一阵疫苗，有这个必要吗？,6
你好，可以打儿童疫苗吗,6
注射疫苗后可以饮酒吗？,6
需要打狂犬疫苗吗,6
请问如果有三针疫苗都可以打了的话，该怎么选择呢？,6
请问80岁以上的老人可以打复星疫苗吗,6
200元一针还是200元服务费不包括疫苗呢？,6
医生你好，宝宝吃那个希刻劳干混悬剂，可以打疫苗吗,6
这个药停了多久才可以打疫苗呢,6
4个月的宝宝今天打了流脑疫苗，今天可以洗澡吗？,6
4个月的宝宝今天打了流脑疫苗，今天可以洗澡吗？,6
那hpv疫苗有年龄限制吗？,6
还没有hpv疫苗吗,6
李想昨晚起出现流鼻水，这能注射疫苗吗？,6
有狂犬疫苗打吗,6
打完疫苗当天可以吃益生菌吗,6
打疫苗的地方是在白玉兰大楼吗？,6
小孩有点点可以咳嗽有痰，可以接种霍乱疫苗吗？,6
小孩有点点咳嗽有痰，可以接种霍乱疫苗吗？,6
还是总院才有狂犬疫苗？,6
线上开药可以吗,25
那需要开药吗？,25
能不能线上开药寄过来？,25
就是要提前一天过来评估 开药是吗,25
或者今天可以开药吗,25
不是可以直接开药吗？,25
能开药吗,25
需要来院开药吗,25
可以开药吗,25
要开药的话要带什么东西吗？病人不过去可以吗,25
如果要开药可以邮寄过来吗？,25
这个需要开药吗,25
不开药吗,25
您这里可以开药的吗？,25
你不开药吗,25
那我需要开药吗,25
可否直接线上开药？,25
吴医生打扰一下，今天可以开药吗？,25
是可以直接开药调理对吗,25
可以开药吗,25
嗯 会开药给我吗？,25
你好，可以帮我开药吗,25
请问能否线上开药？,25
我想问问，慢性病开药可以线上开吗,25
现在开药可以吗？,25
可以帮忙开药吗,25
可以开药吗,25
你好，可开药嘛？,25
你现在帮我开药吗,25
复诊开药自提可以吗,25
可以网上开药吗,25
那可以线上开药吗？,25
可以开药么？,25
可以开药吗,25
那您这边可以开药吗？,25
能开药不？,25
亲，能开药吗？,25
医生你好。请问蔡凡希可以直接开药吗？,25
那么能开药吗？,25
可以开药寄快递吗？,25
我想问可以在线开药吗？,25
能线上开药吗,25
可以开药吗,25
那我挂的是新冠，不能开药怎么办？,25
要重新开药吗,25
李应华开药您这边也可以吗,25
不是可以线上开药吗,25
可以开药后线下我去取药比较快吗？,25
那我可以在你这里开药寄回来吗？,25
可以在你这里继续开药吗？,25
可以不看诊直接开药吗,25
可以帮我开药吗？,25
就是说无论备孕还是怀孕，外涂的护肤品不会有什么影响，对吗？,11
哦！这个异常有什么影响吗,11
好的，医生我是有乙肝病史的，这个药影响吗？,11
对身体有什么影响吗,11
那只能早上做吗？对备孕有没影响呢,11
会影响胎儿吗？,11
不吃的话，心跳这么快会影响吗？,11
那两项不正常的指标有什么影响吗？,11
还是哺乳期妈妈 请问拿打小孩子用的药水不影响哺乳吗,11
怀孕不影响对吗,11
请问这些甲状腺癌， 会影响人的寿命的吗？,11
这个影响怀孕么？,11
经期吃会不会有影响？,11
影响建档吗,11
如果不做也不受影响吧，就是外观不好看是吗？,11
这个对孕妇和胎儿有什么影响吗？,11
我妈妈血脂偏高会对这个影响吗,11
还是可以先挂号，不影响是吗,11
喝水会影响嘛？,11
一岁宝宝唇系带裂开了会影响吗,11
有影响吗？,11
会影响吗,11
有影响吗,11
内部伤口呢？也没影响吗,11
平时，戴口罩多是不是也会有影响的？,11
跟喝酒有影响吗,11
影响大吗,11
打了第一针 第二针忘了 现在隔了一个月 会有影响吗,11
医生开单，写的一天半袋，我给宝宝吃了一袋有影响吗？,11
这个要影响肝肾功能吗？,11
运动不会影响到那个囊肿吧？,11
宫腔积液有影响吗？,11
阳了对胎儿有影响吗？,11
有没副作用，对以后的生理有影响不？,11
乳房囊肿会有什么影响吗？需要怎么降低？怎么引起的？,11
对胎儿有影响吗,11
没什么影响是吗,11
小孩子的话是有影响吗？,11
这样长期血压低身体有什么影响？,11
有服务电话吗？,26
没有买到服务包，这里可以加一个吗？,26
请问排卵室有电话吗,26
有这样的服务吗？,26
就是不接我的电话是吗？,26
私密科电话有吗,26
这个有电话吗,26
人工电话？,26
有疫苗门诊电话咨询一下吗,26
您能把您电话发我一下吗,26
不是要他找我电话吗,26
请问是免费服务吗？,26
你们单位的电话有吗？,26
我的服务不是做了吗？,26
这个不是咨询导诊服务吗？,26
这个是哪里的电话？,26
您方便留个电话我吗？,26
可以买4价的服务包去打9价吗？,26
或者你能给我一个能回答这个问题的电话给我吗？,26
可以打这个电话咨询是吗？,26
有快递服务麽？,26
我想问一下什么服务包什么时候有？,26
可以电话她私人问下吗？,26
你好，请问有儿科口腔医生殷慧办公室的电话吗？,26
这是口腔科电话吗,26
这还能叫专业医生服务？,26
城南有电话吗？,26
按摩科的电话有吗,26
我待会打个电话回去 可以改预约吧？,26
请问，坐骨神经痛有好的治疗方案和理方法吗？,13
好的，有什么方法可以缓解肚子吗,13
有什么处理方法吗,13
你好，我想问一下，有什么方法可以预防不怀孕？,13
这个方法的复发率高吗,13
请问能有什么有效的方法吗,13
邓医生，我这个病有其它冶疗方法？,13
用这种方法效果如何呢,13
小孩晚上磨牙，有啥缓解方法？,13
除了药物治疗，还有其他方法吗？,13
有什么方法吗？,13
女，27岁，甲亢引起的突眼有什么治疗方法？,13
您好，请问文医生会在下班前开好吗？,21
您好，呼吸科有床位吗,21
您好！请问一下，有植发科的吗？,21
您好，在吗,21
您好，六个月宝宝维d抽血这个合格嘛？,21
王医生您好！孙子今天发烧了，能吃牛肉吗？,21
您好，请问今天可以做入职体检吗,21
您好，我想问一下本周日可以提检吗？,21
您好，今天可以照胃镜吗？,21
您好，请问现在都是自己扣费不用自己支付的吗？,21
医生您好，想请问下，看这个数值是否属于怀孕的？,21
您好在吗,21
医生，您好，您那里有瓶装的五弗利多吗,21
您好医生，ct做出来有动脉瘤，需要做手术吗,21
您好，这个是免费咨询的吗,21
您好！在吗,21
您好，请问开孩子入学积分证明要挂号吗,21
医生，您好！请问线上咨询需要收费的吗,21
您好，请问喉咙痒，咳嗽需要挂号吗,21
您好！请帮我看看我这个问题！谢谢？,21
您好，可以开什么药呢,21
您好，来大姨妈可以去看中医吗,21
您好，请问点痣挂什么科呢,21
王大夫您好？,21
您好 大夫 在吗,21
您好大夫现在呢,21
您好，想问问中医埋线挂什么科？,21
医生，您好！请问药房有没有DHEA卖？,21
医生，您好，查到了吗,21
您好，欧医生  开好药了吗,21
您好！宝宝感统测试挂什么科？,21
您好我想问下医院附近是在修路吗,21
您好，您这边有这个开吗,21
您好，请问有先诺欣吗,21
您好，咳嗽要挂哪个科？,21
你院有PRP治疗膝关节？,8
真的不能治疗么？,8
这个感染需要治疗吗？,8
已经开了发票，但是没做的物理治疗能退费吗？,8
已经开了发票，但是没做的物理治疗能退费吗？,8
已经开了发票，但是没做的物理治疗能退费吗？,8
已经开了发票，但是没做的物理治疗能退费吗？,8
好的，就是暂时不用开药治疗？,8
治疗不需住院？,8
有什么注意和治疗的吗,8
我想知道这个病怎么药物治疗呢,8
后续如何治疗？,8
有什么好的治疗方案吗,8
不是药物治疗吗,8
我想问一下，咱有治疗新冠的药吗？,8
那这个是需要怎么治疗呢,8
我幽门螺杆菌用西药治疗了3次还是阳性，中药可以治疗吗,8
请问儿童治疗区今天上班吗,8
请问儿童治疗区今天上班吗,8
那现在畸形率问题有没有什么治疗办法？,8
那么怎么样治疗呢？,8
请问韩医生我妈这么大年纪如何治疗为好呢？,8
那要怎么治疗呢,8
那我们就先治疗溃疡咯，到时候再复查哈？,8
这种有木有什么药治疗下呢,8
可以详细跟我说，以及治疗措施吗,8
能治疗吗？,8
现在不需要治疗了吗,8
是直接找你治疗吗,8
这个意思是胃镜下有需要做治疗的话同时一起做治疗吗,8
藿香正气口服液有治疗效果吗,8
怎么治疗呢？,8
就是得过肺结核的，然后治疗了，还会感染给别人吗,8
怎么治疗呢,8
需要治疗吗？,8
桥本可以怎么治疗呢？,8
后期的话治疗是怎么样的？,8
每次治疗需家属培护吗,8
是你亲自治疗吗,8
女生得淋病一般怎么治疗呢,8
一般要进行几次这种治疗呢？,8
有什么治疗新冠的药么？,8
这个属于您治疗范围吗？,8
这个慢性前列腺炎可以治疗吗,8
有什么治疗的方式，现在知道甲状腺炎可以怎么治疗？,8
目前可以开具一些中药治疗吗,8
是需要治疗还是？,8
现在我们去看鼻子还是儿科对治疗咳嗽好啊？,8
这个难治疗吗,8
公立和私立治疗效果一样是不是？,8
之前不是免费治疗新冠后遗症吗？,8
我的健康证有吗？,32
健康证不通过？,32
还有食品安全健康证怎么开？,32
你好，可以办理健康证，跟入职体检吗,32
请问我们的健康证不发纸质的吗,32
好 会影响到健康证吗？,32
健康证怎么和官网查询的不一致啊？,32
请问办理入职健康证去哪里？,32
请问办理入职健康证去几楼？,32
您好，请问我想去搞健康证今天有人上班吗？,32
等着健康证入职的，轻微的偏高，健康证可以拿到吗？,32
你好，请问一下服务员办理健康证你们那里能办吗？,32
办理健康证要营业执照吗,32
你好，今天可以办理健康证吗,32
照胃镜，需要空腹吗,22
要空腹吗,22
糖耐量需要空腹？,22
是不是要空腹去？,22
需要空腹多久，才不影响效果？,22
5号上午空腹吗？,22
OK，要空腹去吗,22
大便也是空腹去吗,22
没喝奶 空腹也能喝 对吗,22
做之前需要空腹吗,22
要空腹多久呢？,22
需要空腹吗,22
这个需要空腹吗？,22
几个小时内的空腹？,22
是需要空腹过去吗？,22
没号了可以现场加号吗,18
直接现场去挂就行是吗,18
是到时候到现场开吗？,18
儿科发热门诊需要现场挂号吗？,18
如果明天出去现场能安排吗？,18
可以现场挂号吗,18
请问满号了，一般可以现场加号吗,18
是不是要到现场才能办理？,18
心理咨询的可以现在去现场登记吗？,18
只能去现场开B超单是吧？,18
现在去现场有号诊看吗？,18
明天没挂到您的号，可以现场加号吗？,18
现场也可以快捷挂号吗,18
直接现场挂号可以吗,18
可以直接去现场吗,18
谢美珍医生现场没有号了吗,18
现场直接去急诊吗，怎么看排队到几点？,18
就是想问公众号没有号，现场还可以挂到号是吗？,18
现场上午下午过去都可以是吗,18
不用去到现场看吗,18
现场能挂号吗,18
请问禅医儿科能现场挂号吗？,18
一定要到现场吗,18
或者我明天去到现场导诊台办？,18
您明天可以帮我问一下吗,7
明天联系你吗,7
那明天需要带其他什么资料过来就诊吗,7
明天好像没有呢,7
明天上午要不你加个号，我过去看看？,7
明天有号吗,7
我挂了号明天抽血，需要吃早餐吗？,7
那我明天去评估可行？,7
邮寄明天可以到？,7
明天可以做幼儿园老师入职体检？,7
明天可以做幼儿园老师入职体检？,7
我挂了明天下午的号 想过去做一下b超复查 可以吗？,7
明天有号吗,7
明天上班时间是可以的吗？,7
入职体检明天可以做吗,7
最后一次月经2月20  请问我明天可以去做nt了吗,7
是今天下单，明天就可以去看了吗,7
5月3号明天可以接种吗,7
如果可以住院，我想帮老人家挂明天下午的号，可以吗,7
现在下单明天能用吗,7
我现在下单明天能用吗,7
确认明天早上可以吗,7
好，我明天上午挂你的号可以吗？,7
请问明天有开诊吗,7
明天约不了吗,7
好的 ，你明天上班吗？,7
没有明天的号吗,7
明天再去可以吗,7
明天去可以吗,7
明天可以做吗,7
明天开，我后天来不行吗？,7
明天帮我能开？,7
明天可以？,7
明天上午我在群里发您可以吗,7
明天几点到时间上比较合适？,7
明天您有号吗,7
我就明天去输一次，以后就不用再输了吗？,7
好的，那明天早上8点找您开可以吗,7
明天没有号了，我挂消化内也可以对吗？,7
廖医生，我想明天去复诊，可以挂您哪个同事的号呢？,7
明天可以做吗,7
明天有上班吗,7
明天还有号吗,7
明天几点办入院？,7
明天你上班吗？,7
好吧 目前正在服用A药，其他感冒药可以一同服用吗,17
阿兹夫定需要空腹服用，服用阿兹之前可以先服用三九吗,17
那么小 建议继续服用中药吗,17
我是否需要服用阻断药？,17
优甲乐长期服用是不是会吸收人体钙？,17
现在药物怎么服用呢,17
10个月宝宝不可以服用吗？,17
可以服用氯雷他定吗,17
嗯嗯，这个达英35是跟优思悦一样的服用方法吗,17
每天2次 规律服用是吗,17
Tachipirina:扑热息痛，请问可以服用吗？,17
喝完小柴胡过半个小时服用可以吗,17
服用奥司他韦有注意事项吗,17
这种可以服用吗,17
这个咳水可以服用吗,17
那我怎能调整到早上服用呢,17
今天怎么服用呢,17
婴幼儿整肠生益生菌，推荐服用哪种呢？,17
请问医生：有肾结石可以服用苯溴马隆片降高尿酸吗？,17
那阿奇霉素有规定服用天数不超3天吗,17
如何购买，全国都有吗？,28
那要去哪里购买？,28
之前不是可以购买吗？,28
只能通过您发的链接购买吗？,28
还是可以去商城里自己购买？,28
那现在可以购买什么药进行治疗呢？,28
那我这些产品去哪里购买？,28
那我还有什么购买途径呢,28
直接购买就行了吗，然后明天直接过去？,28
那我怎么才能购买呢,28
抢不到有其他方式购买吗,28
何时可以购买阿兹夫定片？,28
有没有更便捷的购买方式呢,28
直接购买回家用呢,28
没挂号费？,38
那挂号费可以退吗,38
98是挂号费吗,38
需要先充值挂号费吗,38
这个充值的钱还能拿出来吗,38
怎样充值？,38
需要给挂号费吗？,38
急诊挂号费大概要多少？,38
充值多少钱？,38
购买后，去门诊就不用挂号费了吗？,38
还要另外给挂号费？,38
就是200元一次挂号费 我不是产检vip 可以挂号看吗,38
怎么还要挂号呢？,14
取环是直接挂号吗？,14
好的，我这边还需要另外挂号吗,14
在这里挂号，跟在APP上挂号有区别吗,14
挂号是在几楼那里挂号的呢？,14
是的.发烧4天，明天能挂号吗？,14
要重新挂号吗？,14
还需要挂号吗,14
线上挂号还是到院再咨询挂号？,14
这些挂号的都是区间时间的吗,14
那现在挂号的咨询内容怎么退？,14
还需要挂号去谈吗,14
需要挂号吗,14
怎么挂号呢,14
今天没有挂号吗,14
抽血需要挂号吗,14
只能挂号不能先咨询么？,14
可以代挂号吗？,14
这个要另外挂号吗,14
可以先网上挂号的吗,14
要挂号吗,14
不用挂号吗,14
需要挂号吗,14
入职体检需要挂号吗,14
挂号没号？,14
需要挂号吗,14
直接挂号就可以了？,14
我宝宝还没有取名字，挂号是按妈妈名字挂号？,14
可以直接过去办卡挂号的是吗,14
要去那个科挂号啊？,14
我直接挂号去开单子也行的吧？,14
发烧需要挂号吗,14
正常挂号就可以了？,14
我需要去哪个科室挂号？,14
去禅医重新挂号睇？,14
挂号记录找不到的呢？,14
还需要挂号是吗,14
你好，现在挂号怎么跟以前不一样呢？,14
请问罗鹏飞医生怎么挂号？,14
直接到一楼急诊科挂号是吗？,14
那请问你可以帮我挂号吗？,14
不能先在手机上挂号吗,14
看片需要挂号吗？,14
需要公众号挂号吗,14
直接去前台挂号？,14
需要挂号吗,14
从哪里可以看到挂号没有？,14
吃的药只能挂号再开吗？,14
现在可以挂号去抽血吗,14
是的，现在需要提前挂号吗？,14
去门诊开药还需要提前挂号吗？,14
这个是只能挂号吗,14
普通社区门诊能解决吗？,9
晚上有儿科发热门诊吗？,9
可以挂中西医结合的门诊吗,9
不是要看发热门诊吗,9
儿童发热是挂儿科门诊吗？,9
我可以挂可以看消化的其他门诊医生吗？,9
在门诊做？,9
可不可以转到城南门诊取药的？,9
城南门诊有吗,9
挂门诊吗,9
请问今天没有儿科发热门诊吗？,9
是不是直接在门诊就可以处理？,9
请问五一期间 有发热门诊吗,9
体验有高端门诊的吗？,9
现在还有发热门诊吗,9
没有儿科发热门诊是吗,9
我看没有发热门诊？,9
挂门诊吗,9
什么门诊呢,9
请问城南门诊收费处是几点下班的吗,9
医生你好！请问城南门诊明天有石开诊呢？,9
发烧不是看发热门诊的吗？,9
胎监门诊是什么来的？,9
胎监门诊是什么来的？,9
城南门诊开着吗,9
发热门诊没有号啊  能现场拿号吗,9
普通门诊和高端门诊同时可以？,9
你好，小孩发烧，禅医没有发热门诊吗？,9
你好，现在小朋友发热是直接出去发热门诊吗,9
城南门诊吗？,9
那高端里面的普通门诊算vip吗？,9
直接去门诊那里吗,9
好像您在门诊没有号对吧？,9
那我现在挂城南门诊挂诊可以吗？,9
请问我想去城南门诊，可以用吗,9
这个也是门诊就可以是吗,9
医生，疑是甲流，挂发热门诊好像没有放号？,9
您明天还在城南门诊开诊，是吗？,9
那个新冠康复门诊有合适的吗？,9
请问城南门诊有狂犬疫苗打吗,9
城南门诊有是吗？,9
能买特效药吗？疫苗效果好不？,10
有特效药吗,10
特效药线下能买到可以吃吗，有负作用吗,10
医生您好，请问感染了能开新冠特效药吗,10
那特效药这些呢,10
麻烦问一下你这有没有什么特效药？,10
你好，可以开新冠特效药吗,10
其他还有什么特效药吗？,10
老人有似新冠肺炎症，没有特效药了吗？,10
医生，请问可以开新冠特效药吗,10
有特效药吗,10
需要吃特效药吗,10
没有好的特效药吗,10
有特效药吗,10
有特效药吗？,10
有特效药吗,10
有新冠特效药吗,10
就是就是，我想问问晚上体检中心还有人值班的吗,27
晚上有妇科吗,27
这个是晚上有得做吗,27
晚上的急诊可以看吗,27
那头孢今天晚上还吃吗？,27
开吧，我今天晚上去拿，复诊下个月再去可以吗？,27
吴医生，开了药了吗？晚上可以拿药吗？,27
晚上可以做阴超吗,27
这样子晚上还能继续吃安眠药吗,27
晚上有开吗？,27
晚上可以去看吗,27
好的 我白天没有时间 晚上可以吗,27
你好！晚上有脊椎医生上班吗？,27
晚上可以输液吗,27
晚上也可以去吗,27
牙脚烂了，想晚上有时间补牙，你们晚上有人值班吗,27
不是过敏对吗,33
病情：这是尿片过敏还是太热呢？,33
我想问下就是这种咳嗽是否也和过敏有关？,33
您女儿有什么药物过敏吗？肝肾功能都正常吗？,33
请问牛奶蛋白过敏的婴儿能否打流感疫苗？,33
但是怎么知道是否对疫苗成分不过敏？,33
这是过敏了吗,33
这个过敏是有可能虫咬的引起过敏，有可能是说他的奶粉过敏？,33
宝宝这个体重过敏的可能大吗,33
如果过敏的话是要回避这些过敏原吗,33
或者说 一岁内宝宝过敏可以吃扑尔敏吗,33
过敏喝氯雷他定合适吗,33
那因为什么过敏？,33
赵医生，像小宝宝这样容易咳嗽的属于过敏体质吗,33
是不是药物过敏呢,33
后面手臂的皮疹考虑过敏：这个会是什么导致过敏呢？,33
这是什么？是过敏还是湿疹还是病毒引起的疹呢？,33
头部那边可以涂药膏吗,31
擦点药膏？,31
那需要涂什么药膏呢,31
鼻子里可以抹什么药膏呢,31
好的，谢谢，可以涂药膏吗？,31
可以先买哪种药膏呢,31
那个糠酸莫米松药膏可以吗,31
可以用药膏搽吗,31
要帮她涂点什么药膏好呢？,31
你觉得有没有必要拍片呢,35
儿保科能拍片吗？,35
没有骨科医生上班可以开拍片吗,35
复诊还要拍片吗？,35
需要重新拍片看吗？,35
拍片吗？确认的吗,35
那我昨天问你，你怎么回复我可以的呢？,23
现在能回复我吗,23
那今晚能回复我吗,23
今晚能回复我吗,23
你好，现在方便回复一下吗,23
帮我问了吗，有回复了吗,23
没有回复吗,23
许医生 收到回复了吗,23
请您速回复！赛治和利可君这这月怎么吃？,23
为什么没人回复？,23
那我是不是看着手机傻等她回复吗？,23
不回复呢,23
怎么了。有回复吗？,23
这和我吃阿胶糕有关系吗,24
跟我现在喝的水解奶粉没有关系吗？,24
小朋友的牙还没掉就长出来，这个有关系吗,24
那这个跟我人黄有什么很大的关系吗,24
这个瘙痒跟糖尿病有关系吗,24
跟肾有关系吗？,24
跟喝酒有关系吗,24
他就是滑膜炎疼，然后吃的止疼药，和这个有关系吗,24
是不是跟这个有关系啊？,24
吃粥太容易饿，有时候太饿吃了板栗饼有关系吗？,24
中午又来，跟吃有关系吗？,24
跟九价有关系吗,24
请问能开阿兹夫定片吗,20
能买阿兹夫定片吗,20
烧多少度可以吃阿兹夫定片？,20
有阿兹夫定片吗,20
有阿兹夫定片可以买吗？,20
可以开阿兹夫定片吗,20
能不能开阿兹夫定片呢？,20
国产阿兹夫定片可以开吗,20
能给我开两盒阿兹夫定片吗,20
你好 可以开阿兹夫定片吗,20
你好可以开阿兹夫定片吗,20
阿兹夫定片现在有货吗？,20
家里有阿兹夫定片，需要给他先吃上吗？,20
新冠阳性，请问可以开阿兹夫定片吗,20
能开阿兹夫定片吗,20
请问有阿兹夫定片吗？,20
复阳了，请问还有阿兹夫定片吗,20
复阳了，请问还有阿兹夫定片吗,20
是否有阿兹夫定片？,20
可以开点阿兹夫定片吗？,20
有阿兹夫定片吗？,20
阿兹夫定片有什么副作用吗？,20
第一天发热，请问能否开阿兹夫定片？,20
阿兹夫定片有不？,20
还有你们这边还有配阿兹夫定片吗,20
什么时候放号的？,36
今天放号了是嘛？,36
您好，想了解下，儿保科的疫苗预防接种大概是什么时候放号呢？,36
今天也是周五，没见放号呢，是到晚上才放吗,36
你好，我想请问一下预防针7号8号……不放号了吗,36
最近九价 什么时候放号呢,36
九价什么时候放号呢？,36
下周什么时候放号呢,36
我想问一下预防保健科周六放不放号的？,36
没有具体放号日期吗？,36
您好，今天两点九价名额有放号吗？,36
你好这个9价什么时候会放号呢,36
这个一般刚放号就被抢完了？,36
这个今天有放号吗,36
你好，想问一下打预防针那里什么时候放号的？,36
不是说每周四早上8点放号吗？,36
你好，我想问下儿童预防针接种什么时候放号的？,36
是上午7:30，还是下午放号？,36
周四上午几点放号？,36
潘国良的号什么时候还放号？,36
有套餐明细吗？,3
您好，请问现在还可以申请vip188800元优惠套餐吗？,3
哪里可以看到套餐？,3
这个套餐是VIP吗,3
这个套餐不包约HPV疫苗吗,3
体验套餐有吗？,3
是不是一定要在你们小程序购买套餐呢,3
还有其他套餐吗,3
买的套餐不是免费挂号一次吗？,3
你好，请问一下我之前买的那个肠胃套餐可以退吗,3
请问入职体检套餐中的胸部dr是不是指胸透？,3
老年人女性的套餐呢,3
中年男性还有升级套餐吗,3
可以买这种套餐吗？,3
有妇科检查的套餐吗,3
现在测是弱阳，没得什么症状，可以服用吗？,5
那我先去药行买这个药，还有症状再去医院看可以吗？,5
目前都有哪些症状呢,5
这个是不是因为下午吃了布洛芬所以晚上和上午就症状轻一点？,5
经大约多久才可以消失这个症状呢,5
去年阳过 目前没有明显症状 用吃阿滋夫定吗,5
这种泡泡是肺炎的症状吗,5
你好，打针后有乏力和发烧的症状，可以吃布洛芬吗,5
你好，请问一下面瘫，头疼等症状针灸是否可以减缓？,5
这种症状是甲流吗？,5
这不是寻麻疹的症状吗,5
如果五月2日症状好转可以接种吗？,5
好的，游离甲状腺高一点是否显示有一点甲亢？,16
口服的需要吗？,16
这个有效果吗,16
有没有什么方法可以让切口疤痕好看一点的？,16
口服用什么呢？,16
补一点号什么意思？,16
那我是等节后再看比较好一点吗,16
那一般选用什么牌子的比较好一点呢,16
小儿柴桂退烧颗粒好一点还是小儿鼓翘清热颗粒好一点？,16
现在不知道还有没有效果？,16
有没有效果更好更安全的其他药呢,16
那就是说当时起不了效果，要多久才有效果呢,16
10点没有了可以帮我登记提前一点的吗,16
口服效果好一点是吗,16
哪一种效果好一点呢？,16
这些看不懂，能说的通俗一点吗,16
是有更好一点的药物吗？,16
需要口服什么药物吗,16
注册要填手机吗？现在填我的手机是不是方便一点？,16
可以吃一点感冒的药吗？,16
可以吃一点药吗？,16
可以视频？,30
我现在在外面，6点可以视频？,30
那他什么时候值班呢？,12
不见值班医生，只见护士。打什么电话投诉？,12
周日有哪些医生值班吗？,12
外科下午有值班医生吗,12
产科有医生值班吗？,12
产科有医生值班吗？,12
12-14点有医生值班吗,12
今天肛肠科有医生值班吗？,12
泌尿外科，明天有值班医生吗,12
好的，请问要吃多长时间药？费用贵吗？,19
尖锐湿疣可以做到吗？需住院吗，费用大概多少？,19
费用是多少钱呢,19
费用是多少？,19
这个视频问诊的费用能退吗,19
大概需要多少费用？,19
费用大约多少钱？,19
不是包括一个复查费用吗,19
好，拔牙一颗的费用是多少？,19
陈医生你能说下大概费用吗？,19
请问你们邮寄药物需要费用的吗,19
门诊做清宫需要多少钱费用？,19
费用要钱不？,19
这个大概多少费用呢？,19
一般要多少费用呢,19
治疗费用大概多少？,19
费用大概多少钱？,19
你这边不知道大概费用吗,19
费用大概多少钱啊？,19
这个斑做激光可袪吗？费用是多少？,19
大概费用是多少呢？,19
那费用多少呢,19
是全麻吗？,29
需要全麻吗,29
做完之后要住院3-4天？麻醉是全麻吗？,29
请问现在胃镜是全麻的吗,29
轮状跟肺炎这两种呢,15
这两种药店有得卖吗,15
两种药一起吃吗,15
那另外两种药呢？,15
两种价钱不同吗,15
这个两种预防的是不同的病毒吗,15
是的，现在只吃这两种药呢,15
医生，请问这两种药能一起吃吗？,15
这两种对吗,15
噢，那抗病毒口服液，利巴韦林这两种可以吗？,15
不能两种同时吃？,15
本来是2-5天去医院的，但是可以在线上问诊吗,34
问诊收费吗,34
您好！我可以在企业微信这里进行线上问诊吗？,34
是因为图文问诊不会发送吗？,34
那这个问诊有啥用呢,34
请问，为什么线上问诊的医生为什么突然不回复了？,34
可以问诊吗,34
男性阴囊瘙痒应该问诊什么？,34
可以线上问诊？,34
线上问诊就是要收费咯？,34
那这问诊 一点实质性的东西都没有？,34
你好，我想进行线上问诊，是在这里给您发消息吗？,34
您好！我早上七点多的问诊记录您可以看到吗？,34
现在可以问诊吗？,34
下面那些偏高一点没事吗？,1
第一个不是偏高一点吗,1
偏高了一点有没有影响啊？,1
铁蛋白偏高有没有什么要注意的？,1
就是你觉得不需要吃消炎药是吗？,37
那需要吃消炎药吗？,37
可以吃消炎药吗？,37
需要吃抗生素 消炎药什么的吗,37
好，要吃消炎药吗,37
好的，我这个会是什么病毒么，先不吃消炎药咯？,37
阿莫西林算是消炎药吗,37
有什么消炎药可以吃吗？,37
消炎药能吃吗,37
我也不知道该吃什么药？消炎药要继续吃吗,37
喉咙发炎引起发烧要挂那个科？,39
我喉咙发炎我能提供什么凭证？发个喉咙的照片？,39
你好，喉咙发炎，头痛，发烧，要挂哪个科？,39
那药明天还吃吗？,0
鼻炎可以用红霉素眼膏涂抹鼻子里吗,4
鼻炎可以用红霉素眼膏涂抹鼻子里吗,4
鼻炎可以用红霉素眼膏涂抹鼻子里吗,4
是要现场开药社保才有报销吗,53
国医馆那里不能报销社保吗,53
医保有定点优惠吗,53
大概可以报销多少？,53
医保有报销吗,53
中药也可以报销吗？,53
洗牙可以刷医保里面的余额？,53
洗牙可以走医保吗,53
现在纳入医保了多少钱，医院里能能开出来吗,53
您好医生，请问社保医保都是广州的禅医可以报销吗？,53
自费后如何报销？,53
嗯，自费付费后如何报销呢？,53
不知道医保有什么可以报销？,53
没有刷，付了费后，可以后面报销吗？,53
这个怎么没有医保报销？,53
为什么是非医保的？,53
这个体检医保能报销吗,53
我有佛山医保的可以有报销的吗吗,53
动态心电图，心电彩超有医保可以报销哦？,53
我的医保选点已经选好了禅医了。。。医生电脑上显示我非医保？,53
那我先去登记医保吗？,53
不能医保支付吗,53
请问治疗狐臭可以医保支付吗,53
那治疗可以医保支付吗,53
拔牙可以医保报销吗,53
可以用医保吗,53
可以进行医保报销吗？,53
可以进行医保结算吗？,53
这个非医保吗,53
不是有医保？,53
是不可以用医保报销是吗,53
发高烧住院打针可以报医保吗,53
可以帮忙把今天这个单改成医保结算吗？,53
医生，我的医保定点到你们医院了，可以用医保结算吗？,53
职工医保呢,53
怎么绑定医保？,53
如果城南这边开药，能走医保吗？,53
走医保，可以吗？,53
在问诊做社保可以报销吗？,53
在门诊做社保可以报销吗？,53
你好，请问你们做B超有没可以医保报销的？,53
那就是其他产科都能报销医保吗？,53
请问你们医院可以用医保吗？,53
这个不能医保支付吗,53
这方面检查可以用医保报销吗,53
医保能报销吗,53
可以用广州的医保吗,53
想问下，可以用广州的医保吗,53
你好，我想问一下深圳医保能不能在佛山这边用啊？,53
这是不是也没有的报销？,53
不可以报医保吗,53
可以报销吗,53
拔智齿有医保报销吗,53
你们要给我报销这个费用？,53
可以医保报销吗,53
产后修复项目可以医保报销吗？,53
现在没了报销？,53
能报销吗？,53
医生这个药能走医保吗,53
省外也可以报销吗？,53
可以查到医院的这种药是多少钱吗？可以用医保吗？,53
可以用医保支付的吗,53
她有医保，怎么样添加医保信息？,53
广州医保不可以使用对吗,53
广州医保可以定点吗？,53
医保可以定点么？,53
这个药进医保了吗？,53
哦哦 可以报医保吗,53
如果单独去找医生开“无痛胃镜检查”是否可以有医保报销的呢？,53
就是我这个是不能报销吗,53
不能报销吗？,53
准备要宝宝，检查精子，挂什么科室？,46
还需要添加排除艾滋病毒的检查，需要去医院再加吗？,46
情况严重吗？需要过来医院做检查吗？,46
晚上也可以检查吗？,46
请问3岁小孩检查中耳挂什么科？,46
需要提前一天过来做心电图或者其他检查吗,46
还有，你了解磁共振预约检查的时间吗,46
晚上好，请问膝盖检查是约哪个科目？明天可以做吗？,46
以您的专业，那还需要做别的检查吗,46
我下个星期天去检查，星期天可以吗,46
是要B超检查吗,46
那如果这个月还不来的话才进一步检查吗,46
要做喉镜检查吗,46
我明白要检查，所以现在就诊来不来得及检查呢,46
这个检查结果还要继续吃优甲乐吗,46
这个检查结果是什么意思？,46
那检查乙肝两对半要预挂哪个科室号？,46
线上开好了直接去B超室检查就可以了吗,46
先生需要检查什么内容？是挂什么科的号呢？,46
我想带小孩检查视力？,46
可以开，星期日检查的吗？,46
要到医院检查骨龄的吗？,46
胃镜检查需要提前预约吗,46
开单后去1号楼11楼还是去白玉兰楼那边做检查呢,46
为什么每次检查不一样的？,46
为什么每次检查结节结果大小不一样的？,46
请问胃镜检查大概多久出结果？,46
我应该带他过来医院做点什么检查好呢？,46
需要做其他检查来查下心脏吗,46
那如果要确定是否是多难还需要做什么检查呀？,46
不能直接做检查？,46
做肠胃镜检查 下午拿药吃 第二天早上去做检查可以？,46
不检查不知道吗？,46
需要到医院做什么检查吗,46
耳朵不痛不痒就是流液体也需要去检查吗,46
请问检查甲状腺结节挂什么科？,46
24小时动态心电图，是要住院检查吗,46
电解质和肾功，是不是都得空腹检查？,46
是可以选做什么检查吗？,46
您好，请问今天能去做产后42天的检查吗？,46
做检查需要空腹吗,46
做婚孕检查周末可以做吗？,46
那检查前要空腹吗,46
做婚孕前检查需要预约吗,46
你好，做婚孕前检查需要预约吗？,46
你好 帮忙看看，家里人检查的结果。需要怎样进一步治疗呢,46
成人全面检查，还有脑梗检查，网上怎么不能预约吗？,46
不能直接开单检查吗,46
请问一下甲胎蛋白升高有必要再做其他检查吗,46
这里不用检查吗,46
血常规每个月要检查，可以直接开单吗？,46
你好，我们城南门诊能做骨骺线拍片检查吗,46
肝功能啥的也是化验大便以后再检查吗,46
肝功能检查什么项目呢？我想再唐园门诊检查可以吗？,46
要过去做检查吗？,46
麻醉前要做什么检查吗,46
你好，我去检查妇科可以当天照B超吗,46
你好，上面的过敏源检查预约了之后要怎么去检查？,46
你好，上面的过敏源检查预约了之后要怎么去检查？,46
然后怎么去检查啊？,46
请问孕前检查需要挂号的吗,46
你好，我是今天过来检查了的，需要减药吗？,46
去那个位置做检查呢,46
这样下来 我是要去什么科做哪些检查呢,46
5.7号周日可以检查吗,46
我检查尿常规又尿潜血1+请问要怎么治疗吗？,46
如果检查出来是过敏的话是需要吃水解奶粉吗,46
吃了午饭过来检查准确吗,46
可以约B超检查吗,46
你好，医生，可以约7号早上的B超检查吗,46
跟公立医院检查一样吗,46
请问明天城南社区医院有做白带常规检查吗,46
可以当天就做吗，还是还检查什么？,46
请问甲状腺这个检查结果，还需要做什么检查？,46
医生我想问一下如果检查过敏源    要多久出结果了吗,46
医生我想问一下如果检查过敏源    要多久出结果了吗,46
男生hpv检查可以查吗,46
那我现在还需要做什么检查？,46
或者，需要做什么检查吗,46
做造影前还有其他检查吗？,46
要再检查吗？,46
黄疸异常要检查吗？,46
看检查结果还需要预约？,46
不用检查肝肾功能那些吗,46
还需要检查什么是因为什么导致吗,46
出了彩超还需要做什么检查吗,46
例如有什么症状？减退有什么症状需要检查？,46
今次检查假如发现会否一并切除？,46
你好想问一下小孩做包皮，下午可以去检查第二天做这样吗？,46
你好，今天做肺部检查算急诊吗,46
是要5月8号之后去检查？,46
方医生，请问检查有什么问题吗,46
那看血液检查，有什么问题吗,46
您好，我想问下，这个检查有没有排查下川琦病了？,46
这个需要做什么检查吗,46
今天又抽血做的检查，麻烦医生帮我看看正常吗？,46
那明天直接到3号楼负一楼等护士叫名字检查是不是？,46
还有其他基础检查的吗,46
基础检查有哪些呢,46
请问是直接网上预约了过去开单给钱当天就能做检查吗,46
有没有什么详细的检查可以做？,46
您好！我想问下明天可以做备孕检查吗,46
去了是直接就可以检查还是怎么样呢,46
我挂的是妇科医生检查，你帮我推荐的是产科医生检查，一样的吗,46
我的眼科检查有挂号吗？,46
建管中心可以直接开单检查吗,46
好的，做这些检查需要多长时间，一天时间够吗,46
另外宝宝目前1个月多，是否可以抽血做一些指标检查？,46
那这个检查能看出啥问题吗,46
你好，常年嚼槟榔，去医院挂什么科室检查？,46
我肺cT检查有点问题，需要复查？,46
您看到贵院做这些检查的费用需要多少呢？,46
请问有我孩子的住院期间的检查资料的吗？,46
我的检查结果是水肿还是增生？,46
有免费眼科检查吗,46
这几项检查可以在体检中心一起做了吗,46
然后检查完就预约肠镜胃镜？,46
像口腔淋病能检查出来吗,46
如果不去医院检查是否流感的话，请问可以开什么药缓解一下吗？,46
有专项检查费用吗？,46
检查宫腹腔镜后还需要其他检查吗,46
做这个检查后还需要其他什么检查吗？,46
请问血压低挂哪个科室的号检查呢？,46
现在可以检查的到了吗,46
是去城南社区医院检查吗,46
请问医生，我上面的检查结果是不是需要进一步检查？,46
后续还要检查吗？,46
还有男性能检查HPV吗,46
早上吴卫华安排入院后需要开单检查吗？,46
医生你好，想问下我的血常规检查中血小板偏高，问题大吗？,46
可以一年检查一次吗？,46
今天可以来做检查吗,46
人流还要做什么检查？,46
肾虚需要检查或者看什么医生？,46
现在预约挂不了号，明天问医生加号吗？,48
预约了明天11：30的，还能照胃镜吗,48
医生你好！请问口腔科的预约电话是多少？,48
九价是还需要预约吗,48
我预约了然后呢,48
已预约挂号，来到医院需要报到吗？,48
那就是先预约妇科面诊后再做打算是吗,48
打狂犬疫苗需要预约吗,48
请问满月的婴儿需要打疫苗如何预约呢？,48
希望去在禅医打，在禅医小程序如何预约？,48
好的，谢谢。请问这周日保健科可以预约吗,48
我想预约明天的号呢,48
你好麻烦问一下HPV第二可以在公众号里预约吗？,48
我购买后直接手机预约时间做肠胃镜吗,48
周末可以预约吗,48
这边疫苗需要多久时间预约呢,48
预约了7号看口腔科，请问要提前多久签到吗？,48
医生，请问预约了要提前签到吗,48
麻烦问下产检需要预约吗？,48
你好，我这算是预约成功了吗？,48
我有预约过吗,48
那怎么预约呢？,48
你好林医生，请问一下小孩打预防针要预约吗？,48
是预约消化科门诊？,48
能帮我预约先吗,48
可以预约之前的那个医生吗,48
直接去你帮我预约的医生吗？,48
想咨询nt需要提前预约吗,48
我预约了明天四维，但是我明天过不去，可以换一个时间吗？,48
可以预约今天吗？,48
您好，请问可以预约四价hpv吗？,48
洗牙需要预约吗,48
请问费用是多少呢？需要预约吗,48
如果打乙肝疫苗，要先挂号看医生吗？还是直接预约打？,48
B超能预约吗,48
了解，分娩套餐通常需要提前多久预约？,48
可以帮我预约9号早上吗？,48
预约了4点半。能早点到吗,48
请问，个人入职体检怎么预约挂号？,48
刚才在填资料，已经预约了明天下午，怎么同步？,48
我先问一下我产检预约了今天，今天没空去可以明天再去吗,48
没有预约医生呢,48
刚满月的宝宝，预约了打预防针，体检需要另外预约吗？,48
这个可以预约吗,48
预约圢要钱吗,48
预约了明天下午的，可以去吗？,48
九价可预约吗？,48
可以取消预约吗,48
希望去在禅医打，在禅医小程序如何预约？,48
请问满月的婴儿需要打疫苗如何预约呢？,48
打预防针需要预约吗,48
需要预约吗,48
儿童打疫苗怎么预约？,48
不是可以预约时间的吗,48
我想复诊乳腺b超，可以线上开b超并预约吗？,48
我记得上年要预约时间，今年不用了？,48
你好，产后乳腺疏通今天可以预约吗,48
可以预约吗？,48
不能网上预约吗,48
预约是不会显示是吗？,48
需要充值才能预约吗？,48
陈医生你好，在哪里可以预约打疫苗呢,48
请问没有你院诊疗卡可以预约挂号吗,48
直接预约就可以了吗？不需要选择接种什么疫苗吗？,48
我想要约四价疫苗要怎么预约呢？,48
干净后去复诊还要照B超吗？要的话，你可以提前帮我预约定吗？,48
怎么预约四价？,48
可以提前预约Ｂ超吗,48
早上可以预约吗？,48
随便找一个医生，还是需要你们预约？,48
需要预约的吗？,48
你好 没有眼科预约的吗,48
不用网上预约？,48
你好，九价首针什么时候可以预约呢？,48
做b超需要预约吗,48
不用预约吧？,48
请问预约小孩打疫苗挂哪个号？,48
下午有还能预约做吗,48
需要预约吗,48
那就预约去不了了吗,48
我想咨询一下小孩子打预防针怎么预约？,48
请问可以预约注射肉毒素吗？,48
抢到了就可以预约去打九价是吗,48
请问可以预约明天5.4接种吗？,48
我为什么要通过你们预约？,48
你好，我想做入职体检，请问要预约哪个科？,48
可以帮忙预约明天上午九点钟的B超吗,48
医院可以在网上预约β超吗,48
如果没有预约挂号的话 可以直接去门诊部挂号吗,48
你们，请问如何预约胃镜？,48
你好，12岁小孩有点低烧咳嗽，明天一早去医院需要预约吗,48
宫颈疫苗怎么预约？,48
直接去医院能预约到吗？,48
做造影的科室也要提前预约吗？,48
是提前预约医生开单还是怎么样？,48
需要预约挂号吗,48
需要挂号预约吗？,48
所以不用预约，直接去？,48
请问能预约5月7日，是吗,48
请问怎样从手机上预约挂号呢？,48
可以帮我预约9点到10点的吗,48
预约了可以帮我登记提前一点吗,48
什么时候会有九价预约活动？,48
打预防针要预约吗,48
打复必泰二价疫苗预约服务费多少钱？,48
多久能知道预约结果？,48
什么时候可以预约呢？,48
我想问一下九价预约的活动什么时候有？,48
在哪预约哇？,48
在哪预约哇？,48
需不需要预约的？,48
预约时间可以选择吗？,48
王医生，请问我明天的预约可以换一个地方吗？,48
X光需要预约吗,48
这个4号14点抢的九价能预约哪天呢,48
预约挂号，明天有耳鼻咽科吗,48
需要提前预约挂号吗,48
您好 医生 小孩打预防针在哪里预约？,48
用我的就诊卡预约还是？,48
不用预约吗,48
这边就预约明天急诊吗,48
我昨晚买了这个 请问如何预约？,48
我昨晚买了这个 请问如何预约？,48
医院会打电话给我确认预约时间？,48
那我周日过去需要预约吗,48
您好，我想问下，要过去拆导尿管，需要预约医生开单吗？,48
我网上预约不到  去现场能看吗？,48
是怎么预约呢,48
预约取消也取消不了？,48
预约不用缴费的吗,48
您好，请问现在贵医院还有九价可预约吗,48
请问预约好了到时候要用卡吗,48
我在粤苗抢到了九价HPV预约，请问还需要挂号吗？,48
我们预约的是5月30日，五月2日就要离开香港，现在怎么办呢,48
你好，我想问下禅医这边做婚检需要提前预约吗？,48
可以预约HPV吗？,48
你好，慢性咽喉炎之类的需要预约什么科室？,48
预约服务费多少钱？,48
怎么预约？,48
你好 为什么不能预约呢,48
我在链接里面就可以预约时间是吗？,48
你们小程序预约可以用医保卡支付吗,48
需要预约吗,48
你好请问之前第一针不是在本医院接种的，可以预约第二针吗,48
我购买后如何预约时间 ？,48
不预约可以能看吗,48
需要预约吗？,48
四价99这个活动没有打第一针是不能预约是吗？,48
请问96年还可以预约九价吗？,48
一次复诊那个线下的只是预约对吗？,48
郑医生你好，是不是买这个卡就可以帮我预约到？,48
需要预约吗？,48
还是只能预约挂号？,48
九价疫苗在粤苗APP预约不上，可以在医院预约吗？,48
好的，如果门诊做，预约要不要等很久？,48
你好，发烧就医需要预约吗？,48
男性的体检套餐有吗,41
体检是到医院选套餐吗,41
体检周日上班吗？,41
体检周日上班吗？,41
幼儿园老师体检明天有吗,41
什么时间可以体检？,41
体检下的订单可以取消？,41
请问明天可以做体检吗,41
就是全面的体检吗,41
体检科上班吗,41
今天可以抽血体检吗,41
你好请问你们医院可以做入户体检吗,41
入职做的体检需要怎么预约？,41
这个体检的话应该都能满足需求了吧？,41
请问更换驾驶证体检我们医院可以做吗,41
可以体检吗,41
怎么联系体检科呢,41
幼师体检挂什么科？,41
您好！体检挂什么科？,41
这边可以做入学体检吗,41
请问可以体检吗,41
五一可以体检吗,41
你们医院全身体检有哪些套餐？怎么收费？,41
早上可以体检吗,41
你好！我预约的体检可以帮我改到5号吗,41
我买了驾驶员体检 请问什么时候过去都可以做吗？,41
我买了驾驶员体检   请问什么时候过去都可以做吗？,41
您好，请问周日可以做健康体检吗？,41
请问周日可以做健康体检吗,41
购买了个人体检套餐明天做吗？,41
驾驶证体检有吗？,41
我看消化科的话，可以抽血体检吗,41
驾驶证体检假期上班吗？,41
今天下午驾驶证体检可以吗,41
驾驶证体检假期上班吗？,41
驾驶证体检明天可以吗,41
驾驶证体检人多吗,41
周六有体检吗,41
哪里有体检套餐看呢？,41
请问有体检科吗？,41
今天下午体检科上班吗,41
这种体检过了吗？,41
明天可以体检吗,41
您好，5.1体检科上班吗？,41
你好，我想问一下，那个个人体检的费用能用医保卡付费吗？,41
今天可以去体检吗,41
明天可以约驾驶员体检吗,41
早上好医生，我想带娃去做一周岁体检，要挂什么号呢？,41
体检有高端门诊的吗？,41
你好，我想问下医院可以专插本体检吗？可以什么时候去？,41
体检多少钱？,41
那你们这里可以做儿童的体检吗,41
你好，请问星期日可以做食品行业体检吗,41
可以做驾驶证换证体检吗,41
钟吾医院五一假期可以体检吗,41
有男科体检吗,41
你好 请问我预约的体检可以取消再约吗,41
请问体检是在几号楼？,41
请问体检是在几号楼？,41
给老人体检，有什么体检卡可以推荐吗？,41
这是你们复兴自己的体检机构吗,41
今天也可以体检吗,41
您好，请问怎样个人普通体检？,41
体检科在那层一楼呢？,41
亲，换驾证体检怎么约？,41
可以直接到健康中心开单体检吗？,41
买这个套餐然后去体检哪儿就行了吗,41
今天能做体检吗,41
好的，所以女性的备孕体检一般是要去两次的吗,41
你好，想咨询一下如在医院体检这些费用大概是多少？,41
那个体检评估是怎么测定呢？,41
你好，购买了体检套餐怎么预约？,41
体检科需要预约吗,41
你好，城南社区医院怎么预约儿保体检呢,41
是挂体检科吗,41
60岁以上免费体检开始了吗？,41
它问我体检号是什么？,41
驾驶证到期换证需要坐的体检，怎么预约？,41
女性有肺部体检吗,41
医生您好 请问节假日可以体检吗,41
您好，明天过去体检可以吗,41
请问驾驶员体检明天有开诊吗,41
在小程序上面买套餐还要联系你们预约好时间才能过去体检吗,41
体检可以刷医保吗,41
一般个人是做哪些当面体检？,41
我想只体检，驾驶证的照片自己去照相馆拍 可以的吧？,41
另外周六体检时间是几点开始？,41
星期六可否体检？,41
体检可以下午去吗,41
你好，请问去禅医体检挂什么科？去哪栋楼的几楼？,41
是的，我29号去体检的同事已经出了，我的一直都没有呢,41
你好驾驶员体检需要预约时间吗？,41
驾驶员体检已买，需要预约吗？,41
请问一下 体检能在线上查看体检套餐的吗,41
已经购买了，我什么时候过去可以体检呢,41
今天可以体检吗,41
请问发烧了可以体检吗,41
体检前吃发烧药会有影响的吗,41
明天上午和下午都可以体检吗,41
想问一下发烧会影响专升本体检吗,41
直接挂体检科，然后入院参加体检吗？还是？,41
您好，我想问一下读幼儿园之前的入园体检需要空腹吗？,41
你好 请问新市医院体检科可以查地贫吗,41
请问免费的 和体检 是不是要预留一天 上下午？,41
请问基础体检 待会我会收到电话是吗？,41
您看看我是不是还是最好预约那个基础女性体检？,41
3号是可以做体检吗,41
下单后需要等待医院通知在去体检吗,41
体检需要预约吗,41
请问能查到我的体检套餐吗？体体检前要注意什么？,41
你好，明天医院有驾照体检吗,41
感冒了对体检有没有影响？,41
您好，请问儿童一岁半体检，挂什么科？,41
有什么体检套餐？,41
周末可以预约体检吗,41
周六日可以预约体检吗,41
今天学生入学体检有上班吗？,41
就今天上午 我去体检科问就行了是吗,41
这里可以驾驶证体检吗,41
这里可以驾驶证体检吗,41
插本体检可以用这个吗,41
我想去做个入职前的体检，该挂哪科呢,41
今天体检科开诊吗,41
谭主任你好，排卵期出血需要吃药吗？,58
就是要莫珊主任开诊时间内才能过来拍骨龄是吗？,58
不是需要徐主任问诊吗,58
刘主任，想问下亦可有蚕豆病，如果受了惊吓，可以吃通屋吗？,58
主任不上班吗,58
桂专家及主任的有吗,58
买这个40元才能咨询到钟主任是吗,58
我想跟阮主任进行线上问诊，我需要怎样做呢？,58
请问李冰昱主任今天上班吗,58
张主任，我怎么付药费啊？,58
钟主任，请问这个是可以用医保的吗？,58
主任还有最后一个问题，放疗完还需要吃地榆升白片吗？,58
主任，能做乳腺超声吗,58
挂哪个都行吗？挂普通的还是主任的？,58
王主任你好，本次射波刀是你亲自治疗吗,58
谢谢江主任，需要注意哪些事项吗？,58
曾主任这样就可以了吗,58
阮主任现在还值班吗？,58
谭主任，我刚刚测到强阳了，是不是今晚该安排呢？,58
好的，感谢谭主任，那明晚是不是也应该安排呢,58
线上问诊没找到梁娇主任哦？,58
好的，谢谢主任，那多糖铁还吃不？,58
主任那泼尼松呢？,58
主任，那我是要控制碳水？还是脂肪阿，那个胆固醇？,58
好的好的，谢谢主任，那多糖铁还继续不？,58
主任，那个同型半胱氨酸高要处理不？,58
罗力主任不出诊吗,58
麻烦问一下，叶江枫主任为何这段时间门诊无排班？,58
王主任，是放过粒子就不能做放疗吗？,58
余主任，我星期一约您开单住院，星期二上午手术可以吗？,58
急诊可以加主任号的吗,58
我添加的是阮主任吗？,58
阮主任，你开的这个药药店可以买到的吗？您看一下是这个吗？,58
下午袁主任会上17楼吗？,58
李主任:可以发一下要戒口的清单给我吗？,58
医生在吗,52
医生在嘛？,52
要去看医生吗,52
医生在吗？,52
医生自己选？,52
中午有医生在么？,52
医生 可以开药了吗,52
那请问你是哪个方面的医生呢,52
医生在吗,52
来了有医生吗,52
医生在吗,52
医生，那你可以开抽血的单我吗,52
梁医生，这个是查尿酸的吗？,52
这个医生最好吗,52
医生，开了5剂吗？,52
医生现在帮我开药？,52
今天下午有医生吗,52
高医生没有号了吗,52
可以叫医生等你一会吗,52
你好，医生在吗,52
好的，谢谢医生。那我需要注意哪些呢？,52
随便哪个医生都可以吗,52
许医生在吗？,52
就是让再去找线下医生？,52
医生开的，这个是不能用嘛？,52
今天有医生在诊吗,52
看这个医生吗,52
刘医生在吗,52
你好，我挂错医生了，能改吗？,52
挂了号可以换医生吗,52
看哪个科的医生？,52
医生，那锌还补吗？,52
你是医生吗,52
是要挂医生的号才能验吗？,52
面诊的时候可以问一下医生？,52
医生可以麻烦看一下吗,52
林医生，在吗,52
医生你那边开药吗,52
今天有关于这方面的医生吗,52
挂哪个医生呢,52
医生复查？,52
医生你在吗,52
我想明天看 没有医生可以看吗？,52
医生在吗,52
医生我在备孕，这个能喝吧？,52
医生 在吗,52
医生还在吗,52
医生开具是一样的吗？,52
医生您在吗,52
医生您这边可以开药吗,52
请问挂哪个医生好呢,52
医生，那个维生素d也是没问题是吗,52
医生在吗,52
医生 在吗,52
朱医生还没有联系上，您那边可以帮我联系一下吗,52
您好，医生，可以吗,52
需要看医生吗,52
医生，请问没有药吗？,52
请问约什么门诊什么医生？,52
黄医生 在吗,52
今天有其他医生吗,52
请问今天医生正常上班吗,52
医生，我就是想问，怎么处理啊？直接去切除吗？,52
医生，您还在吗,52
廖医生，要用什么药膏呢？,52
医生帮我看一下 是有什么问题呢,52
可以和医生开的药一起吃吗,52
去找哪个医生？,52
医生有在吗,52
怎么线上问医生呢？,52
医生在吗？,52
医生，请问需要怎么去做？,52
还是说约上面的科室医生？,52
哪个医生适合呢,52
也是石湾医生吗？,52
医生在吗,52
有别的医生吗,52
医生你有什么建议呢,52
请问医生在吗,52
林医生，我应该注意什么呢？,52
医生这个看起来像好的吗？,52
方医生在吗,52
简医生，方便给我电话吗,52
现在可以见医生？,52
医生帮我看看我的这个结果有问题没有？,52
请问这个也是给医生看了才开药的吗,52
刘医生开的，能不能痒的就用？,52
请问这个医生能看吗,52
今天内科不是就两个医生吗,52
医生你在吗？,52
这个普通医生可以看吗？,52
医生在吗,52
复查的医生吗,52
我这边怎么联系到医生呢？,52
医生在吗,52
医生，有阿兹夫定片不？,52
医生您好在吗,52
医生在吗,52
医生，在嘛？,52
你好，请问有医生在吗？,52
可以问下黄医生的号一般什么时候放出来的？,52
请问医生在几楼呢？,52
医生在吗,52
可以，能建议哪个医生吗？,52
林医生这样我需要怎样做吗？,52
你认识这方面的医生吗？,52
请问医生，我宝宝长的这些是什么？,52
医生开好了吗,52
怎么回事呢？医生？,52
医生，可以吗,52
医生，药开了吗？,52
梁医生，那么现在直接吃2片布洛芬片，对吗？,52
就是说把我要加的项目加进去了是吗,51
城南有产后修复项目吗？,51
内科可以查任何项目吗,51
请问贵院有没有胶囊胃镜项目？,51
一上午可以做完这些项目的检查了吗,51
请问医院有甲流检测项目吗,51
我想咨询一下，在本院做支原体复查的项目，多少天能拿结果？,51
请问贵医院，成人全面体检都包含那些项目？有表格信息吗？,51
胶囊，无痛，普通检查的项目一样的吗,51
想问下是直接小程序挂号健康中心，然后去医院才选体检项目吗,51
里面的项目可以再缩小一些吗,51
请问怎么帮我加项目呢？,51
请问你们医院有驾驶员体检项目吗,51
这个也要到时候额外加项目吗,51
你好，这项目还可以预约体检吗？,51
您好医生，想问一下明天劳动节还可以做健康证体检项目吗？,51
是驾驶员体检那个项目吗,51
请问上面这些项目有报销的吗？,51
第一天可以做的项目 要进行多久的呢？,51
那胃肠镜项目 就是做完以后再去报销吗？,51
女性基础套餐和加的项目有报销吗？,51
我操作了 我刚刚的项目是怎么报销呢？,51
一般要检查什么项目？,51
可以加什么项目呢？,51
这里有体检项目吗,51
如果是直接增加项目的话怎样操作？自助加单吗,51
报告写着渗血和红细胞，请问严重吗？,42
麻烦看看罗燕芳的肝功能和血常规报告，有什么药是不能吃的吗,42
医生好，全部报告出来了，麻烦看看有什么药是不能吃的吗,42
你好，我想问下想让医生看下报告，要挂哪个科？,42
体检报告现在还能拿到吗,42
体检报告可以叫我老婆帮忙代取吗,42
好，可以在高明这边医院去做，然后带报告过去给你看吗？,42
那看报告还要在手机什么预约号吗？,42
我的抽血报告还没出来吗,42
方医生你好，能帮我看看小孩子的验血报告吗,42
这个报告自怀是没有问题的对吗,42
你好，我今天做的检查应该还没出完报告对吗,42
所以这个报告什么意思呢,42
梁医生你好，请问检测报告正常吗,42
好的，那个眼底检查的报告在哪里查看的？,42
那请问一下，看报告还需要预约号吗？,42
那请问一下，看报告还需要预约医生号吗？,42
报告显示转移了没有？,42
麻烦医生看下报告，和看下今天开的药是否合适，有无需要调整？,42
多久出报告呢,42
体检报告可以当天拿到吗？,42
看报告可以开药吗,42
发了报告你能看到吗,42
可以看报告开药吗,42
上次这些验血报告，您能帮我看看报告显示正常吗？,42
问，今天体检的报告最快什么时候可以看到全部结果或部分结果？,42
像报告那样结果做手术是不是比较好？,42
好的！谢谢医生。我已经预约b超了。到时候看报告还要挂号吗,42
您能帮忙看看报告吗？,42
明天可以取报告吗,42
病情：请问这个报告有问题吗？,42
那可以在报告里看出是什么原因导致的黄吗,42
请问我可以线上看报告吗？,42
能帮忙看看这个报告吗,42
能帮忙看看这个报告吗,42
直接报告号？,42
这报告怀孕了吗？,42
请问我的HE4报告现在还没出来，您这边可以帮我催催吗？,42
我能把近半年的体检报告发您，您帮我看下哪些地方要注意吗,42
这个报告显示缺钙吗？,42
这报告是怀孕了吗,42
那今天的报告有显示这个病毒感染吗？,42
到时候报告发您，还需要什么吗,42
报告说0级也是过敏源吗,42
报告有说是什么过敏源吗,42
体检报告有问题吗？,42
报告那个沉淀白细胞高吗,42
麻烦医生可以看下验血报告吗,42
我这个报告算严重吗？,42
你们医院可以做分子遗传检测报告吗,42
一共四张报告，能收到吗？,42
这个报告有问题吗,42
怎么找我的体检报告？,42
我能挂号让医生看报告开药吗,42
线上找医生看报告可以吗,42
报告解读要收费吗,42
你好，可以看下报告吗？,42
报告显示？？,42
会写上报告吧？,42
第二天看报告要挂号吗,42
病情：咳嗽，请问一周内的验血报告有没效？,42
我要找许凌珺医生看报告怎么找呢,42
报告有问题吗,42
因为报告的数据我看不懂，那我明天要去找你开西药吗？,42
可以帮我看个报告吗,42
报告有什么问题吗,42
想问一下我的报告都出来了是吗,42
报告说慢性炎症那里影响大吗？,42
医生这是我2号的抽血化验报告，这是怀孕的吗,42
想问问您体检报告也是需要5天才上传到你们的互联网医院吗,42
报告应该都出完了，还差什么测试？,42
就是医院药店吗？,49
还是说要去医院？,49
医院晚上有开妇科吗？,49
现在是医院都有吗,49
要去医院看吗,49
这个一定要去医院看是吗,49
你好，有个小孩第一次医院看病，是要先到医院去开卡吗？,49
看到了，问题是小孩子从来就没有办过卡，需要在医院办吗？,49
你们医院有紫癜科吗,49
一般你们医院开什么益生菌的呢,49
哦哦，好的呢，也是在这个医院吗？,49
您也是这个医院的医生吗,49
那我去医院怎么做呢,49
需要去医院开口服药物吗？,49
去医院吗,49
大概2点到医院 可以吗,49
请问一下医院可以打耳骨钉吗？,49
一定要去医院看病才有是吗？,49
好，不需要去医院验一下血吗,49
医院电话多少？,49
有医院图片吗,49
到医院需要去拿病例本吗？,49
这个医院有健康证办吗,49
也就是我去当地医院开具？,49
你好医生，医院有没有催奶师？,49
您好医院能给开药吗,49
其他医院有吗,49
属于二甲医院以上的吗,49
二甲以上的医院吗？,49
请问在其他医院打过能过去打吗？,49
去到医院退？,49
有这张卡你们医院对我有什么权益吗？,49
这边属于二甲以上的医院吗,49
每个医院都有了吗,49
您好 之前在该医院拍的ct片可以下载吗,49
5个月宝宝如果发烧到39度以上吃美林还是去医院呢？,49
去医院取吗？,49
去医院去吗？,49
只能在线下医院吗,49
需要到医院吗,49
只能去医院付费吗,49
然后现在还能吃医院开的药吗,49
需要去医院看看吗,49
可以线上开单，到医院自提吗,49
那明天去医院还是现在去呢？,49
这个价格跟在医院一样吗,49
值90是不是比较危险，需要马上去医院？,49
直接去医院吗,49
去医院做？,49
你好，这个医院可以打水光针吗,49
医院都有吗？,49
去医院可以帮亲属开这个药吗？,49
我现在要怎么办呢，要带去医院看吗？,49
你好，请问医院是否有临终关怀病房？,49
现在可以挂急诊吗，白天没有时间去医院，现在有医生吗,49
白天没空去医院，现在挂急诊可以看医生吗,49
可以在工作附近医院治疗吗？,49
今天退烧了，还有点鼻涕，需要带去医院看看吗？,49
那只能去医院了吗,49
这样到医院应该看什么科？,49
你们是新市人民医院吗,49
去医院挂吗,49
你们是三甲医院吗,49
直接去医院呢,49
贵医院是三甲吗,49
我想问问你们医院可以做针灸之类的吗？,49
不是先选医院吗？,49
那我需要去医院购买特效药吗,49
开个药，我这边去医院开可以？,49
要过去医院开吗,49
那这个不像是流掉吗？我现在需要去医院吗,49
我的钱也已经交了，我现在怕是流产了，是不是要及时去医院呢,49
景医生，贵医院门诊今天开门吗,49
你好 你们医院有发热门诊吗？,49
现在新市医院还在能挂号吗？,49
互联网医院现在开不了了吗？,49
明天需要去医院打针吗,49
私立医院？？？？,49
我想问问我在现在医院岀院要隔多久才可以在你们医院医保挂帐？,49
这个只能在医院开吗,49
去医院挂哪一科？,49
要去医院办吗？,49
有没有必要来医院找医生看一下的呢,49
直接带检查表去医院就可以了吗,49
去医院吊针吗,49
明天直接去医院看行吗,49
现在去你们医院可以吗？,49
去医院有吗？,49
你医院可以治疗吧？,49
医院可以买到吗,49
线下医院好买吗？,49
要去医院看急诊吗,49
我现在去医院可以看吗,49
医院现在有急诊吗？,49
还是由医院排期？,49
需要去医院吗,49
去医院吊针会好点吗？,49
还需要到医院做核酸？,49
那现在医院核酸是多久能出结果呢？也是当场出结果吗,49
钟吾医院几点上班啊？,49
我过来医院开药行吗？,49
现在只能到医院开吗,49
那出现什么指征我们需要去医院呢,49
这个药是你们医院的吗,49
雾化的话要去医院开吗,49
能去医院现场付款体验吗,49
请问医院还有核酸做吗？,49
是要到你们医院开药吗？什么时间开始服用呢？,49
现在线下医院也有吗,49
那家医院有阿？,49
需要去医院吗？,49
就是要去医院复查对吧？主要是什么引起感染的呢,49
我老公不需要去医院就能直接一起开药吗,49
我必须去医院开吗,49
4号早上大约要几点到医院呢,49
你们医院是多少甲的？,49
全身难受，还要逐个医院跑吗？这个医院没有就去下个医院吗,49
去医院挂发热门诊吗,49
一般三甲医院都会有吗,49
我需要去医院拍片吗,49
明天还要去医院吗,49
请问新市医院是区级以上医院吗？,49
要去医院看医生吗？,49
如果再次便血，就要去医院看了吗,49
是新市人民医院吗,49
婵城医院有这个科吗？,49
问，你们医院在哪里？,49
医院应该有吧？,49
想问下你们医院有这个药吗,49
一定要去医院开吗,49
不去医院看也不影响是吗,49
请问你们医院做胃镜大概要排期多久的？,49
请问医院有洗牙服务吗,49
线下医院有吗？,49
几级医院有？,49
复查医院是挂内科吗,49
要来医院处理吗,49
12-14点有医院值班吗,49
那我是要去医院做这个TCT吗？,49
没有其他了吧 可以过去医院了吗,49
如果现在去医院是到现场挂急诊号吗,49
我在医院拿，去哪里拿呢？,49
私立医院不好吗。？,49
在线咨询，还是去医院看皮肤科？,49
一般医院卫生院都有？需要带什么东西才能买到？,49
那不要去医院买？,49
请问有医院平面图吗,49
下午你在医院吗,49
高峰期还需要几天时间呢,56
是不是这几天不要碰水好？,56
那我现在想知道这几天有磁共振的检查预约吗,56
这个一般是几天好呢？,56
如果是已经感染新冠好几天，还能不能吃？,56
大便后是不是会多点血？大概几天才会大便没血？,56
杜医生，最近睡眠不好，可以开几天帮助睡眠的药给我吗,56
这些都是这几天去看医生开回来的药，我家娃适合吃哪个好点？,56
这个药要吃几天呢？,56
医生，我需要这几天挂糖尿病科，就诊吗,56
预防一般要吃几天？,56
这个有明显好转是过几天要再拍个片子看一下吗,56
这几天都是在家里没有外出，环境跟天气会影响吗？,56
这种发烧一般要维持几天？,56
不能提前几天吗,56
那新冠二阳一般几天能好？,56
头孢能连续吃几天？,56
理赔几天能到账？,56
谢谢医生，吃这个药就可以吧，吃几天合适？,56
熊主任，请问另外两种药要开多几天吗？,56
几天有效果？,56
你好 请问过几天结果是在这里发给我吗,56
右边腰这里前几天皮下脂肪瘤破了 有点红肿，有没关系？,56
大概几天能退啊，可以洗澡吗？,56
医生好，我先前购买了乳腺一送一项目，请问这几天可以预约做吗,56
那来月经，正常几天，它会自己止血吗,56
生理期最后几天可以拔吗,56
吃的药有说那一种服用不超几天这样吗？,56
早上好，赵医生！喷喉要喷几天呢,56
治疗一般需要几天呢？,56
上面我说肠胃不舒服，拉了几天那个他会自己好吗,56
没有了，请问你们有这个药不？几天能到南京？,56
林医生这几天饮食需要注意什么吗？,56
大概要几天？,56
我这里月经推迟了几天还没有来，你后天上班吗,56
请问住院是要住几天？,56
请问有辉瑞和阿滋定吗,43
能开辉瑞药吗,43
您这儿是否有辉瑞特效药可以开？,43
辉瑞的特效药你们有吗？,43
请问平台能开辉瑞的新冠肺炎的特效药吗？,43
你好，请问平台能开辉瑞的新冠特效药吗？,43
问下能否吃辉瑞那个药物？,43
辉瑞白天晚上间隔多久吃？,43
辉瑞那个药也不准买吗？,43
可不可以开辉瑞新冠药呀？,43
是否就是辉瑞疫苗？,43
吃的退烧药，可以买辉瑞Paxlovid吗？,43
辉瑞特效药现在有吗,43
辉瑞和阿兹夫定都不能在复星上买了吗,43
辉瑞的特效药你们有吗？,43
可以开辉瑞吗,43
辉瑞有吗,43
有辉瑞么？,43
辉瑞的特效药你们有吗？,43
从哪里可以购买到辉瑞Paxlovid？,43
辉瑞的特效药你们有吗？,43
请问能开辉瑞的Paxlovid吗？,43
请问辉瑞奈玛特韦片有货吗,43
您好 可以开辉瑞新冠特效药吗,43
您好 有辉瑞新冠药吗,43
可以开立处方自行购买吗？,44
少传一张处方可以吗,44
您不是给我开了处方了吗？,44
就是说您给我开的处方不能在商城里自己买药用？,44
就是您开的处方不能作补方用，对吧？,44
给开个处方吧？,44
好吧那处方能再发一次吗,44
你好医生，可以开辉瑞 奈玛特韦 的处方吗,44
我直接去医院收费处结算，可以改医保处方吗？,44
线下医院处方能在线上买吗？,44
要求的资料不是有一个处方吗？,44
赖主任，请问处方在哪里能查到？,44
如果无法开具处方买药，问诊费可以退吗,44
可以开出处方笺吗,44
可以开个处方吗,44
可以开个处方吗,44
请问处方开了没有？,44
如果无法开具处方买药，问诊费可以退吗,44
医生，这个处方药，没有处方买不到，您能开个处方吗？,44
你好，徐医生，你开的电子处方无法付款！什么原因，能否告知？,44
阿兹夫定也没有？,55
陈医师，能否帮我配一瓶阿兹夫定？,55
阿兹夫定有吗,55
阿兹夫定和三九能同时用吗,55
阿兹夫定现在能买吗,55
阿兹夫定多少钱一瓶？,55
我自己有阿兹夫定 之前新冠留的 可以拿来作为阻断药吗？,55
阿兹夫定可以预约吗？,55
您说复星没有库存吗？ 这个药是指阿兹夫定？,55
阿兹夫定可以吃吗,55
可以开阿兹夫定吗？,55
如果我开到阿兹夫定了，可以和头孢一起用药吗？,55
您好！阿兹夫定最近有吗？,55
行吧，我母亲是继续吃阿兹夫定7天？,55
要不要吃阿兹夫定呢,55
4月27号开始难受的，现在还有必要吃阿兹夫定吗,55
想开一下，阿兹夫定不行啊？,55
能给来个阿兹夫定吗？,55
请问除了阿兹夫定，还有其他比较管用的药吗？,55
您好，请问现在可以在复星公众号上买阿兹夫定吗,55
家里有阿兹夫定，可以吃么？,55
不买阿兹夫定了？,55
阿兹夫定可以开一瓶吗,55
现在可以开阿兹夫定么？,55
可以和阿兹夫定同时吗,55
这个可以和阿兹夫定同一天吃吗,55
今晚可以吃阿兹夫定吗,55
吃完阿兹夫定隔开三个小时可以吃退烧药吗,55
网上不能购买阿兹夫定了吗,55
阿兹夫定可以预约吗？,55
请帮忙开两盒阿兹夫定吗,55
阿兹夫定哪里可以买到呢？,55
阿兹夫定没有货了，我可以预约吗？,55
阿兹夫定药可以买到吗,55
阿兹夫定可以预约吗？,55
阿兹夫定可以吗？,55
您好，可以开两盒阿兹夫定吗,55
阿兹夫定现在什么价？,55
你好，新冠了，有阿兹夫定吗,55
现在如果服用阿兹夫定药效还有用吗？,55
能吃阿兹夫定吗,55
可以开阿兹夫定吗,55
你好。新冠阳了，能帮我开一盒阿兹夫定吗？,55
还能开阿兹夫定吗,55
能开阿兹夫定吗,55
能开阿兹夫定吗,55
吃阿兹夫定还有用吗,55
如何购买到阿兹夫定？,55
他还是想吃阿兹夫定。您帮我开一瓶吧？,55
请问有阿兹夫定吗,55
想请问我现在可以服用阿兹夫定吗,55
你好，请问有阿兹夫定吗,55
可以购买阿兹夫定吗,55
可不可以买阿兹夫定？,55
你好，我现在新冠，吃了阿兹夫定还能吃别的药吗？,55
能开阿兹夫定吗,55
平台不卖阿兹夫定了吗,55
阿兹夫定孩子可以服用吗,55
你好，医生，请问现在阿兹夫定能配吗,55
这种情况能洗澡的吗,45
我先生这样的情况，2022年7月的报告，需要再去做一次吗？,45
医生，这种情况需要复查拿药吗？,45
我被蚊子咬了肿好大会导致这个情况吗,45
然后这个情况，后续打算怀孕应该怎么办呢,45
那这种情况后续应该怎么治疗呢,45
目前看，情况不严重是吗,45
一般情况没有，那就是吃点维生素就可以了吗？,45
或者说出现什么情况要带去医院？,45
现在我这种情况是桥本还是甲减？,45
医生我的情况可以申请慢病门诊吗,45
这种情况是不是有好转啊？,45
这边考虑是什么情况呢,45
得了新冠，哪些情况应该去医院？,45
您好，许医生～我的这种情况是需要有什么注意的吗？,45
想这种情况有什么好建议吗？,45
一般什么原因会导致这种情况呢,45
这是什么情况？,45
好 一般这个情况没有大问题吧？,45
医生好，我发不了视频，您能通过这个照片看出孩子的情况吗？,45
这种情况我还会得吗,45
你好，杨医生，精子固体状啥情况？,45
就是说我这个多次暴露的情况不打疫苗也没问题对吧？,45
有这种情况的吗,45
这个情况我需不需要停止转奶？,45
这种情况，如果去医院，要挂什么科合适？,45
可以帮忙看看小孩子的乙肝抗体情况吗,45
能帮忙看看小孩子的乙肝抗体情况吗,45
得了新冠，哪些情况应该去医院？,45
得了新冠，哪些情况应该去医院？,45
什么情况？,45
什么情况？,45
我忘记问宝宝9个月这种情况能吃扑尔敏吗,45
我这种情况和心脏有关系吗？,45
医生，能不能问下我这种情况需要重新打第一针吗？,45
嗯，大概会是有哪几种情况？,45
请问这种情况是看妇科还是看骨科呢？,45
这个情况危险吗,45
她这种情况可以治疗痊愈的吗,45
什么情况下再考虑用药呢,45
如果要调整治疗方案急诊的医生会了解情况吗,45
得了新冠，哪些情况应该去医院？,45
要是正常的情况下呢,45
好的，那针对我这种情况有没有什么需要吃的药？,45
宝宝反复发烧是什么情况呢,45
那现有的情况怎么处理呢？激素可以继续用么？,45
在哪可以看到他黄疸情况？,45
前两天去拍了ct，这种情况能做激素冲击治疗吗,45
这种情况需要到医院挂号吗,45
得了新冠，哪些情况应该去医院？,45
这种情况会是什么原因呢,45
你看需要了解什么情况，可以在这交流一下吗,45
这个情况能保守治疗吗？,45
这种情况怎样才能降至正常水平？,45
陈医生您好，这样情况下怎么处理比较好？,45
要不要看她退烧了没有的情况？,45
病人这种情况用药方案需不需要调整？,45
雾化还是吃药呢,50
需要吃药或者怎样吗？,50
吃药正常后停药会低吗,50
需要药物治疗吗，8个月要吃药吗，还是可以外涂药物？,50
那现在这一个月我应该怎么办，继续吃药吗？ 还是停药呢,50
低烧不用吃药吗,50
正常吃药就行了是吗,50
请问需要吃什么药呢，吃药之前要不要吃点东西？,50
那慢性炎症要怎么治疗呢？需要吃药或者戒口吗,50
医生，您好，姨妈期间还需要吃药？,50
如果我没有症状的话，今天的验血报告结果按正常是需要吃药的吗,50
一般干预是不是吃药的呢？,50
这种情况需要吃药吗？,50
一过性的损伤是指可能是以前吃药导致吗,50
要吃药吗,50
我需要吃药吗,50
如果暂时不吃药，对胎儿有影响吗？,50
请问这种需要吃药嘛？,50
补充黄体酮是要吃药还是打针？,50
那可以吃药吗,50
要吃药？这么小可以吗,50
那我要吃药吗,50
我需要吃药吗,50
你好，阳了同时生理期月经也来了，能吃药吗,50
这种情况能吃药吗,50
吃药之后，隔开时间还可以吃连花清瘟吗,50
这些血点能吃药消退吗？,50
不要吃药吗,50
那是需要持续吃药吗？可以根治吗,50
这个需要吃药吗？还是可以先不吃药多喝水试一下降尿酸？,50
桥本甲状腺炎，能完全通过吃药治疗好吗,50
那就是要通过吃药治疗，对吗,50
这种情况需要做什么检查  平时需要主要什么？需要吃药吗？,50
吃药期间不可以备孕对吗？,50
要去医院检查或者吃药吗,50
没有任何不舒服 但是确诊淋病 一般吃药多久可以好呢,50
用吃药吗,50
那要吃药吗,50
补充孕酮是吃药吗？,50
正常的情况下也得吃药吗,50
这种情况还需要吃药吗,50
医生，我这个化验结果出来了，有没有什么问题。需要吃药吗,50
能吃药吗？,50
胃肠炎吃药都没用吗？,50
比吃药副作用大吗？,50
好的，这个需要吃药吗？,50
可以推荐一下吗,57
外用膏药有推荐的吗？,57
有普通门诊推荐吗？,57
能够推荐用什么药吗？,57
请问还有其他消毒方式推荐吗？,57
您比较推荐哪一个套餐呢,57
那我明天先去皮肤科看看，有推荐的医生吗,57
好的，谢谢！有推荐的日常用药吗？,57
新冠咳嗽医生推荐什么用药，连花清瘟可以吃吗,57
消炎类有什么推荐吗,57
有没有什么贴的或者吃的推荐？,57
可以线上推荐？,57
有医生可以推荐给我吗,57
可以推荐？,57
可以先推荐一下吗？,57
好的，您这边有推荐的宫腔镜医生吗？,57
Vd 请问有没有建议的推荐？,57
乳钙有推荐吗？,57
所以你方便推荐几个外科犬伤医生给我嘛？,57
女性体验有什么合适的套餐推荐一下吗,57
医生有推荐的乳糖酶吗,57
有推荐做哪些项目吗,57
可以推荐今天的医生挂号看吗？,57
有推荐吗,57
你之前推荐我基础加这三个 但是我现在不知道怎么加呢,57
推荐那个品牌效果好一点？,57
还是推荐到医院看看吗？,57
有好的推荐吗,57
最近有九价疫苗嘛？,47
什么时候有九价疫苗啊？,47
请问一下最近是否还能接种九价疫苗呢,47
就是我要打九价疫苗的能不能用深圳医保？,47
亲，想问下你们医院有九价疫苗打吗,47
请问可以约九价疫苗吗,47
因为怕腔镜手术清扫不够干净？,40
翼状胬肉一定要手术吗,40
手术后是不是终身需服药？,40
17*8算好大的吗？必须手术？,40
正常来说这种手术大约要做多长时间？,40
手术是要开刀？,40
手术是小型手术吗？,40
做完手术一周内不是也会轻微腹痛吗？,40
但是做完手术不是很容易感染吗,40
手术治疗是否切除？,40
如果可以手术大概要多少钱？,40
是您操作手术吗？,40
喝中药比手术好点是不是？？,40
相当于做一个微创手术？,40
珠海体检有结节，建议手术，请问可以做消融术吗,40
您号，黑眼圈和眼袋，不手术能除去吗,40
如果不手术的话可以继续观察吗？,40
手术是微创的吗,40
我想问问你们那里可以做去狐臭手术吗,40
手术要预约吗,40
你们医院可以做小阴唇矫正手术吗,40
您好，我问一下，刚做完心脏搭桥手术两周，可以打疫苗吗？,40
医生，你这个意思是不用手术就可以一步到位是吧？,40
这个有没有扩散之类的，手术的风险高不？,40
这些数值很高能直接手术吗 有没有说是什么期？,40
做疝气手术需要多少钱，要住院？,40
一定要手术？,40
手术的话能做微创吗,40
如果一直没有通过手术治疗，会有什么最坏的后果？,40
肾上腺素瘤需要手术吗,40
怕是不好结果，感动手术吗,40
我想问一下乳腺结节微创手术这两天可以做吗？,40
手术麻烦吗？,40
不用手术吧？,40
他七八年前做过疝气的手术，现在考虑是又复发了吗,40
怎么联系客服？,54
你不是客服吗,54
找哪个客服？,54
那你们不是客服吗,54
